Workbook

Sheet FORMATO
L2: CLIENTE
L3: DIRECCIÓN **
L4: PROYECTO **
L5: UBICACIÓN **
A6: LABORATORIO DE ENSAYO DE MATERIALES
A7: FORMATO N° F-LEM-P-SU-13.01 | L7: RECEPCIÓN N°
L8: F. EMISIÓN
B9: MUESTRA | D9: N° OT | E9: FECHA DE ENSAYO | G9: REALIZADO | L9: OT N°
L11: CÓDIGO DE LA MUESTRA
A12: METODO DE ENSAYONORMALIZADO PARA LA DETERMINACION DEL CONTENIDO DE SALES SOLUBLES EN SUELOS Y AGUA SUBTERRANEA | L12: FECHA DE RECEPCIÓN
A13: NORMA NTP 339.152 | L13: FECHA DE EJECUCIÓN
L15: CANTERA/SONDAJE **
L16: N° MUESTRA **
L17: TIPO DE MUESTRA**
A19: DETERMINACION DEL CONTENIDO DE SALES SOLUBLES
C21: Capsula | F21: N°
B22: a | C22: Volumen de Agua Destilada | F22: (ml)
B23: b | C23: Peso del Suelo | F23: (g)
B24: c | C24: Volumen de la Solucion Tomada | F24: (ml)
B25: d | C25: Peso de Capsula | F25: (g)
B26: e | C26: Peso de Capsula + Sales Solubles | F26: (g)
B27: f | C27: Peso de Sales Solubles (e-d) | F27: (g)
B28: g | C28: Contenido de Sales Solubles ((f*(a/c))/c)*1000000 | F28: (ppm)
A30: DETERMINACIÓN PESO CONTANTE
C32: Capsula | D32: N°
C33: N° | D33: Hora | E33: P. Cap. + Sales | F33: Variacion (%) | G33: P. Cap. + Sales | H33: Variacion (%)
C34: 1
C35: 2
C36: 3
C37: 4
C38: Repetir el ciclo de secado, enfriamiento con desecación y pesaje hasta obtener un peso constante, o hasta que la variación de peso sea menor al 4 % de la pesada anterior ó 1 mg, cualquiera que se cumpla.
C42: Equipo utilizado | E42: Código
C43: Horno
C44: Balanza 0.0001
C45: Balanza 0.01
A53: Página 1 de 1
A54: Versión : 04 (30-03-2023) | E54: Prohibido reproducir sin autorización
A56: WEB: www.geofal.com.pe E-MAIL: laboratorio@geofal.com.pe / geofal.sac@gmail.com Av. Marañon 763, Los Olivos-Lima / Teléfono 01 685-2191 / 01 522-1851

Sheet SUELO
A8: LABORATORIO DE ENSAYO DE MATERIALES
A9: 1
A11: CLIENTE | B11: : | C11: =+FORMATO!M2 | K11: CÓDIGO | L11: : | M11: F-LEM-P-SU.13.02
A12: DIRECCIÓN ** | B12: : | C12: =+FORMATO!M3 | K12: RECEPCIÓN N° | L12: : | M12: =+FORMATO!M7
A13: PROYECTO ** | B13: : | C13: =+FORMATO!M4 | K13: F. EMISIÓN | L13: : | M13: =+FORMATO!M8
A14: UBICACIÓN ** | B14: : | C14: =+FORMATO!M5
A15: ** Datos proporcionados por el cliente
A16: MÉTODO DE ENSAYO PARA DETERMINAR EL CONTENIDO DE SALES SOLUBLES EN SUELOS Y AGUA SUBTERRÁNEA
A17: NORMA NTP 339.152
A19: DATOS DE LA MUESTRA
A20: CANTERA/SONDAJE ** | E20: : | F20: =+FORMATO!M15 | K20: CÓDIGO DE LA MUESTRA | L20: : | M20: =+FORMATO!M11
A21: N° MUESTRA ** | E21: : | F21: =+FORMATO!M16 | K21: FECHA DE RECEPCIÓN | L21: : | M21: =+FORMATO!M12
A22: TIPO DE MUESTRA** | E22: : | F22: =+FORMATO!M17 | K22: FECHA DE EJECUCIÓN | L22: : | M22: =+FORMATO!M13
A23: LUGAR DE ENSAYO | E23: : | F23: Laboratorio de ensayo de materiales
B25: ANÁLISIS DE SUELO | Q25: Contenido de: | R25: p.p.m. | S25: Grado de Ataque | T25: Consecuencia
B26: Volumen de Agua Destilada | H26: (ml) | I26: =+'DATOS SUELO'!I6 | Q26: *Sulfatos | R26: 0 – 1 000 | S26: Leve | T26: Ataque químico al concreto de la cimentación
B27: Peso del Suelo | H27: (g) | I27: =+'DATOS SUELO'!I7 | R27: 1 000 – 2 000 | S27: Moderado
B28: Volumen de la Solucion Tomada | H28: (ml) | I28: =+'DATOS SUELO'!I8 | R28: 2 000 - 20 000 | S28: Severo
B29: Peso de Cápsula | H29: (g) | I29: =+'DATOS SUELO'!I9 | J29: =+'DATOS SUELO'!J9 | R29: > 20 000 | S29: Muy Severo
B30: Peso de Cápsula + Sales Solubles | H30: (g) | I30: =+'DATOS SUELO'!I10 | J30: =+'DATOS SUELO'!J10 | Q30: **Cloruros | R30: > 2 000 | S30: Perjudicial | T30: Corrosión de armaduras o elementos metálicos.
B31: Peso de Sales Solubles | H31: (g) | I31: =I30-I29 | J31: =J30-J29 | K31: Promedio | Q31: **Sales Soluble Totales | R31: > 10 000 | S31: Perjudicial | T31: Pérdida de resistencia mecánica por problema de lixiviación
B32: Contenido de Sales Solubles | H32: (%) | I32: =((I31*(I26/I27))/I28)*100 | J32: =((J31*(I26/I27))/I28)*100 | K32: =AVERAGE(I32:J32)
B33: Contenido de Sales Solubles | H33: (ppm) | I33: =((I31*(I26/I28))/I28)*1000000 | J33: =((J31*(I26/I28))/I28)*1000000 | K33: =AVERAGE(I33:J33) | Q33: =IF(K33>10000, "Perjudicial", "No Perjudicial")
A36: Nota:
A37: - Los datos de identificación de la muestra son proporcionados por el cliente.
A38: - Los resultados corresponden sólo a los ensayos realizados sobre la muestra proporcionada por el cliente.
A39: - Los resultados de los ensayos no deben ser utilizados como una certificación de conformidad con normas de productos o como certificado del sistema de cálidad de Geofal SAC.
A40: - Prohibida la reproducción total o parcial del presente informe de ensayo sin la autorización escrita de Geofal S.A.C.
A42: Observaciones:
A49: Página 1 de 1
A50: Versión : 03 (17-05-2021) | M50: Fin del Documento

Sheet DATOS SUELO
A2: MÉTODO DE ENSAYO PARA DETERMINAR EL CONTENIDO DE SALES SOLUBLES EN SUELOS Y AGUA SUBTERRÁNEA
A3: NORMA NTP 339.152
B5: ANÁLISIS DE SUELO
B6: Volumen de Agua Destilada | H6: (ml) | I6: =+FORMATO!G22
B7: Peso del Suelo | H7: (g) | I7: =+FORMATO!G23
B8: Volumen de la Solucion Tomada | H8: (ml) | I8: =+FORMATO!G24
B9: Peso de Cápsula | H9: (g) | I9: =+FORMATO!G25 | J9: =+FORMATO!H25
B10: Peso de Cápsula + Sales Solubles | H10: (g) | I10: =+FORMATO!G26 | J10: =+FORMATO!H26
B11: Peso de Sales Solubles | H11: (g) | I11: =I10-I9 | J11: =J10-J9 | K11: Promedio
B12: Contenido de Sales Solubles | H12: (%) | I12: =((I11*(I6/I7))/I8)*100 | J12: =((J11*(I6/I7))/I8)*100 | K12: =AVERAGE(I12:J12)
B13: Contenido de Sales Solubles | H13: (ppm) | I13: =((I11*(I6/I8))/I8)*1000000 | J13: =((J11*(I6/I8))/I8)*1000000 | K13: =AVERAGE(I13:J13)

Sheet AGUA
A8: LABORATORIO DE ENSAYO DE MATERIALES
A9: 1
A11: CLIENTE | B11: : | C11: =+FORMATO!M2 | H11: CÓDIGO | I11: : | J11: F-LEM-P-SU.13.02
A12: DIRECCIÓN ** | B12: : | C12: =+FORMATO!M3 | H12: N° OT | I12: : | J12: =+FORMATO!M9
A13: PROYECTO ** | B13: : | C13: =+FORMATO!M4 | H13: F. EMISIÓN | I13: : | J13: =+FORMATO!M8
A14: UBICACIÓN ** | B14: : | C14: =+FORMATO!M5
A15: ** Datos proporcionados por el cliente
A16: MÉTODO DE ENSAYO PARA DETERMINAR EL CONTENIDO DE SALES SOLUBLES EN SUELOS Y AGUA SUBTERRANEA
A17: NORMA NTP 339.152
A19: DATOS DE LA MUESTRA
A20: CANTERA/SONDAJE ** | B20: : | C20: =+FORMATO!M15 | H20: CÓDIGO DE LA MUESTRA | I20: : | J20: =+FORMATO!M11
A21: N° MUESTRA ** | B21: : | C21: =+FORMATO!M16 | H21: FECHA DE RECEPCIÓN | I21: : | J21: =+FORMATO!M12
A22: TIPO DE MUESTRA** | B22: : | C22: =+FORMATO!M17 | H22: FECHA DE EJECUCIÓN | I22: : | J22: =+FORMATO!M13
A23: LUGAR DE ENSAYO | B23: : | C23: Laboratorio de ensayo de materiales
B25: Volumen de la Solucion Tomada | E25: (ml) | F25: =+'DATOS AGUA'!F5
B26: Peso de Capsula | E26: (g) | F26: =+'DATOS AGUA'!F6 | G26: =+'DATOS AGUA'!G6
B27: Peso de Capsula + Sales Solubles | E27: (g) | F27: =+'DATOS AGUA'!F7 | G27: =+'DATOS AGUA'!G7
B28: Peso de Sales Solubles | E28: (g) | F28: =F27-F26 | G28: =G27-G26 | H28: Promedio
B29: Contenido de Sales Solubles | E29: (mg/L) | F29: =(F28/F25)*1000000 | G29: =(G28/F25)*1000000 | H29: =AVERAGE(F29:G29)
A32: Nota :
A33: - Los datos de identificación de la muestra son proporcionados por el cliente.
A34: - Los resultados corresponden sólo a los ensayos realizados sobre la muestra proporcionada por el cliente.
A35: - Los resultados de los ensayos no deben ser utilizados como una certificación de conformidad con normas de productos o como certificado del sistema de cálidad de Geofal SAC.
A36: - Prohibida la reproducción total o parcial del presente informe de ensayo sin la autorización escrita de Geofal S.A.C.
A38: Observaciones:
A45: Página 1 de 1
A46: Versión : 02 (02-01-2021) | J46: Fin del Documento

Sheet DATOS AGUA
A2: MÉTODO DE ENSAYO PARA DETERMINAR EL CONTENIDO DE SALES SOLUBLES EN SUELOS Y AGUA SUBTERRANEA
A3: NORMA NTP 339.152
B5: Volumen de la Solucion Tomada | E5: (ml) | F5: 100
B6: Peso de Capsula | E6: (g) | F6: 44.4126 | G6: 45.3049
B7: Peso de Capsula + Sales Solubles | E7: (g) | F7: 44.4363 | G7: 45.329
B8: Peso de Sales Solubles | E8: (g) | F8: =F7-F6 | G8: =G7-G6 | H8: Promedio
B9: Contenido de Sales Solubles | E9: (mg/L) | F9: =(F8/F5)*1000000 | G9: =(G8/F5)*1000000 | H9: =AVERAGE(F9:G9)

Sheet Hoja1
A2: CODIGO | C2: CONCATENADOS | D2: DESCRIPCION | E2: FC | F2: F. MOLDEO | G2: DIA | H2: DIAMETRO | I2: CARGA | J2: AREA | K2: RESIS. CONCRETO | L2: % RESIS | M2: TIPO DE FALLA
A3: 4400 | B3: =+A3+1 | C3: =A3&"-"&B3 | D3: Columnas C-9;5-3/G.H | E3: 350 | F3: 42347 | G3: 7 | H3: 15.05 | I3: 49900 | J3: =H3*H3*PI()/4 | K3: =I3/J3 | L3: =+K3/E3 | M3: E
C4: =A4&"-"&B4 | E4: 350 | G4: 7 | H4: 15.06 | I4: 50310 | J4: =H4*H4*PI()/4 | K4: =I4/J4 | L4: =+K4/E4 | M4: F
A5: =+B3+1 | B5: =+A5+1 | C5: =A5&"-"&B5 | E5: 350 | G5: 14 | H5: 15.04 | I5: 56450 | J5: =H5*H5*PI()/4 | K5: =I5/J5 | L5: =+K5/E5 | M5: F
C6: =A6&"-"&B6 | E6: 350 | G6: 14 | H6: 15 | I6: 59630 | J6: =H6*H6*PI()/4 | K6: =I6/J6 | L6: =+K6/E6 | M6: F
A7: =+B5+1 | B7: =+A7+1 | C7: =A7&"-"&B7 | E7: 350 | G7: 28 | H7: 15.11 | I7: 65310 | J7: =H7*H7*PI()/4 | K7: =I7/J7 | L7: =+K7/E7 | M7: F
C8: =A8&"-"&B8 | E8: 350 | G8: 28 | H8: 15.05 | I8: 64730 | J8: =H8*H8*PI()/4 | K8: =I8/J8 | L8: =+K8/E8 | M8: E
