Workbook
Name ___CC2: [1]Sucs!$L$6
Name __CC2: [1]Sucs!$L$6
Name _CC1: [2]Sucs!$L$6
Name _CC2: [1]Sucs!$L$6
Name _CU1: [2]Sucs!$L$5
Name _IP1: [2]Sucs!$L$4
Name _L1: #REF!
Name _L1: #REF!
Name _L1: #REF!
Name _Ll1: [2]Sucs!$L$3
Name _W1: #REF!
Name _W1: #REF!
Name _W1: #REF!
Name Abra: [3]Sucs!$C$3
Name CC: #REF!
Name CC: #REF!
Name CC: #REF!
Name CCf: '[2]Sucs(Fino)'!$L$6
Name CCVB: [4]Sucs!$L$3
Name CM: [5]BGA!$H$9
Name CU: #REF!
Name CU: #REF!
Name CU: #REF!
Name CUf: '[2]Sucs(Fino)'!$L$5
Name hh: #REF!
Name hh: #REF!
Name hh: #REF!
Name IP: #REF!
Name IP: #REF!
Name IP: #REF!
Name IPf: '[2]Sucs(Fino)'!$L$4
Name L: #REF!
Name L: #REF!
Name L: #REF!
Name LIf: '[2]Sucs(Fino)'!$L$3
Name Ll: #REF!
Name Ll: #REF!
Name Ll: #REF!
Name MORA: [5]BGA!$H$13
Name N_10: #REF!
Name N_10: #REF!
Name N_10: #REF!
Name N_101: [2]Sucs!$C$5
Name N_10f: '[2]Sucs(Fino)'!$C$5
Name N_200: #REF!
Name N_200: #REF!
Name N_200: #REF!
Name N_2001: [2]Sucs!$C$3
Name N_200f: '[2]Sucs(Fino)'!$C$3
Name N_40: #REF!
Name N_40: #REF!
Name N_40: #REF!
Name N_401: [2]Sucs!$C$4
Name N_40f: '[2]Sucs(Fino)'!$C$4
Name PC: [4]Sucs!$C$5
Name TABLA: #REF!
Name TABLA: #REF!
Name TABLA: #REF!
Name tipodegranulometria: '[6]G-LL '!$X$2:$X$3
Name tipodegranulometria: '[6]G-LL '!$X$2:$X$3

Sheet FORMATO
M2: CLIENTE
M3: DIRECCIÓN **
M4: PROYECTO **
M5: UBICACIÓN **
A7: LABORATORIO DE ENSAYO DE MATERIALES | M7: RECEPCIÓN N°
A8: FORMATO N° F-LEM-P-SU-21.01 | M8: F. EMISIÓN
M9: OT N°
B10: MUESTRA | D10: No OT | F10: FECHA DE ENSAYO | H10: REALIZADO
M11: CÓDIGO DE LA MUESTRA
M12: FECHA DE RECEPCIÓN
A13: Standard Test Method for Sand Equivalent Value of Soils and Fine Aggregate | M13: FECHA DE EJECUCIÓN
A14: ASTM D2419-22
M15: CANTERA/SONDAJE **
B16: TIPO DE MUESTRA | F16: MÉTODO DE AGITACIÓN | I16: TEMPERATURA DE LA SOLUCIÓN °C | M16: N° MUESTRA **
M17: TIPO DE MUESTRA**
B20: MASA DE LAS 4 MEDIDAS (g) | F20: PREPARACIÓN DE LA MUESTRA DE PRUEBA
A25: ITEM | B25: Descripción | H25: Prueba Nº 1 | I25: Prueba Nº 2 | J25: Prueba Nº 3
A26: A | B26: Lectura cronómetro de entrada a saturación | G26: h:min
A27: B | B27: Lectura cronómetro: salidad de saturación | G27: h:min
A28: C | B28: Tiempo de saturación (Ts), Ts = 10min ± 1 min | G28: h:min
A29: D | B29: Tiempo de agitación (Ta), Ta = 45seg ± 1 seg | G29: seg
A30: E | B30: Lectura cronómetro: entrada a decantación | G30: h:min
A31: F | B31: Lectura cronómetro: salida de decantación | G31: h:min
A32: G | B32: Tiempo decantación (Td), Td = 20min ± 15 seg | G32: min
A33: H | B33: Lectura de la arcilla | G33: in
A34: I | B34: Lectura de la arena | G34: in
A35: J | B35: Equivalente arena (I/H*100) | G35: %
A36: K | B36: Equivalente de Arena (promedio) | G36: % | H36: 31
A38: Equipo utilizado | D38: Código | F38: Observaciones:
A39: Balanza 0.1 g
A40: Horno 110ºC
A41: Equivalente de arena
A42: Agitador de EA
A43: Termómetro
A44: Tamiz No. 4
A45: Cronometro
A51: Página 1 de 1
A52: Versión: 05 (15-04-2025) | F52: Prohibido resproducir sin autorización
A54: WEB: www.geofal.com.pe E-MAIL: laboratorio@geofal.com.pe Av. Marañon 763, Los Olivos-Lima / Teléfono 01 522-1851

Sheet INFORME
A2: LABORATORIO DE ENSAYO DE MATERIALES
A3: 0
A5: CLIENTE | B5: : | C5: =+FORMATO!N2 -> 0 | K5: CÓDIGO | L5: : | M5: F-LEM-P-SU.21.02
A6: DIRECCIÓN ** | B6: : | C6: =+FORMATO!N3 -> 0 | K6: RECEPCIÓN N° | L6: : | M6: =+FORMATO!N7 -> 0
A7: PROYECTO ** | B7: : | C7: =+FORMATO!N4 -> 0 | K7: OT N° | L7: : | M7: =+FORMATO!N9 -> 0
A8: UBICACIÓN ** | B8: : | C8: =+FORMATO!N5 -> 0 | K8: FECHA EMISIÓN | L8: : | M8: =+FORMATO!N9 -> 0
A9: ** Datos proporcionados por el cliente
A10: Standard Test Method for Sand Equivalent Value of Soils and Fine Aggregate
A11: ASTM D2419-22
A13: DATOS DE LA MUESTRA
A14: CANTERA / SONDAJE ** | D14: : | E14: =+FORMATO!N15 -> 0 | K14: CÓDIGO DE LA MUESTRA | L14: : | M14: =+FORMATO!N11 -> 0
A15: N° MUESTRA ** | D15: : | E15: =+FORMATO!N16 -> 0 | K15: FECHA DE RECEPCIÓN | L15: : | M15: =+FORMATO!N12 -> 0
A16: TIPO DE MUESTRA | D16: : | E16: =+FORMATO!N17 -> 0 | K16: FECHA DE EJECUCIÓN | L16: : | M16: =+FORMATO!N13 -> 0
A17: LUGAR DE ENSAYO | D17: : | E17: Laboratorio de ensayo de materiales
D19: Descripción | I19: PRUEBA N°
I20: 1 | J20: 2 | K20: 3
D21: Lectura de la arcilla | H21: in | I21: =+Datos!G13 -> 0 | J21: =+Datos!H13 -> 0 | K21: =+Datos!I13 -> 0
D22: Lectura de la arena | H22: in | I22: =+Datos!G14 -> 0 | J22: =+Datos!H14 -> 0 | K22: =+Datos!I14 -> 0
D23: Equivalente arena | H23: % | I23: =+Datos!G15 -> #DIV/0! | J23: =+Datos!H15 -> #DIV/0! | K23: =+Datos!I15 -> #DIV/0!
D24: Equivalente de Arena (promedio) | H24: % | I24: =+Datos!G16 -> #DIV/0!
A27: Condiciones del ensayo:
A28: - Preparación de la muestra de prueba: | F28: -
A29: Descripción de la muestra:
A30: Tamaño máximo de partícula (in) | F30: =+Datos!E25 -> 0
A31: Forma de la particula | F31: =+Datos!E26 -> 0
A34: Nota:
A35: - El cliente es responsable de los datos de identificación de los puntos de ensayo brindados.
A36: - Los resultados expresados se refieren únicamente al ensayo realizado en dicho momento y en las condiciones especificadas en este documento, por lo que GEOFAL S.A.C. no será responsable por los ensayos realizados con la presente muestra en condiciones distintas a las aquí señaladas.
A37: - GEOFAL S.A.C. no se hace responsable por el uso incorrecto o inadecuado del presente informe.
A38: - Los resultados de los ensayos realizados no deben ser utilizados como una certificación de conformidad con normas de producto o como certificado del sistema de calidad de la entidad que lo produce.
A39: - De conformidad con lo dispuesto por el artículo 1321 del Código Civil, queda establecido que en ningún caso la responsabilidad de GEOFAL S.A.C. será mayor al valor del servicio prestado.
A41: Observaciones:
A46: Página 1 de 1
A47: Versión: 08 (12-06-2026) | M47: Fin del informe

Sheet Datos
A1: Standard Test Method for Sand Equivalent Value of Soils and Fine Aggregate1 | L1: OPERADORES
A2: ASTM D2419-22 | M2: =+FORMATO!H11 -> 0
B4: Descripción | G4: PRUEBA N°
G5: 1 | H5: 2 | I5: 3
B6: Lectura cronómetro de entrada a saturación | F6: h:min | G6: 0.42083333 | H6: =+G6+0.0025 -> 0.42333333 | I6: =+G6+0.0045 -> 0.42533333 | K6: 0.0013888889
B7: Lectura cronómetro de salida de saturación | F7: h:min | G7: =G6+K7 -> 0.42777778 | H7: =H6+K7 -> 0.43027778 | I7: =I6+K7 -> 0.43227778 | K7: 0.0069444444
B8: Tiempo de saturación (Ts), Ts = 10min ± 1 min | F8: h:min | G8: =+FORMATO!H28 -> 0 | H8: =+FORMATO!I28 -> 0 | I8: =+FORMATO!J28 -> 0 | K8: 0.013888889
B9: Tiempo de agitación (Ta), Ta = 45seg ± 1 seg | F9: seg | G9: =+FORMATO!H29 -> 0 | H9: =+FORMATO!I29 -> 0 | I9: =+FORMATO!J29 -> 0
B10: Lectura cronómetro: entrada a decantación | F10: h:min | G10: =G7+K6 -> 0.42916667 | H10: =H7+K6 -> 0.43166667 | I10: =I7+K6 -> 0.43366667
B11: Lectura cronómetro: salida de decantación | F11: h:min | G11: =IF(G10=0,0,G10+K8) -> 0.44305556 | H11: =IF(H10=0,0,H10+K8) -> 0.44555556 | I11: =IF(I10=0,0,I10+K8) -> 0.44755556
B12: Tiempo decantación (Td), Td = 20min ± 15 seg | F12: min | G12: =+FORMATO!H32 -> 0 | H12: =+FORMATO!I32 -> 0 | I12: =+FORMATO!J32 -> 0
B13: Lectura de la arcilla | F13: in | G13: =+FORMATO!H33 -> 0 | H13: =+FORMATO!I33 -> 0 | I13: =+FORMATO!J33 -> 0
B14: Lectura de la arena | F14: in | G14: =+FORMATO!H34 -> 0 | H14: =+FORMATO!I34 -> 0 | I14: =+FORMATO!J34 -> 0
B15: Equivalente de Arena | F15: % | G15: =+ROUNDUP(G14/G13*100,0) -> #DIV/0! | H15: =+ROUNDUP(H14/H13*100,0) -> #DIV/0! | I15: =+ROUNDUP(I14/I13*100,0) -> #DIV/0!
B16: Equivalente de Arena (promedio) | F16: % | G16: =ROUNDUP((AVERAGE(G15:I15)),0) -> #DIV/0!
D18: PARAMETRO DE CONTROL
D19: Parametro calculado | F19: Limites diferencia Norma | H19: Control
D20: 1S | E20: d2s | F20: 1S | G20: d2s
C21: EA Menor 80 | D21: =+STDEV(MAX(G15:I15),MIN(G15:I15)) -> #DIV/0! | E21: =D21*2.8 -> #DIV/0! | F21: 2.9 | G21: 8.2 | H21: =IF(E21<G21, "cumple", "no cumple") -> #DIV/0!
C22: EA Mayor 80 | D22: =+STDEV(MAX(G15:I15),MIN(G15:I15)) -> #DIV/0! | E22: =D22*2.8 -> #DIV/0! | F22: 1.5 | G22: 4.2 | H22: =IF(E22<G22, "cumple", "no cumple") -> #DIV/0!
C24: Descripción de la muestra:
C25: Tamaño máximo (in) | E25: 0
C26: Forma de la particula | E26: 0

Sheet Incertidumbre
C1: INFORME DE ESTIMACIÓN DE INCERTIDUMBRE | I1: Código: | J1: F-LEM-P-10.01
I2: Versión: | J2: 3
I3: Fecha: | J3: 46146
I4: Página: | J4: 1 de 1
A6: Método: | B6: Standard Test Method for Sand Equivalent Value of Soils and Fine Aggregate
A7: Norma: | B7: ASTM D2419-22
A8: Matriz: | B8: Suelo y Agregado Fino
A9: Mensurando: | B9: Equivalente de arena de los suelos y agregados finos
A11: Paso 1. Definición del proceso de medición
A13: Variables: | F13: Fórmula:
A15: Lectura de arena (Larena)
A16: Lectura de arcilla (Larcilla)
A17: Porcentaje de equivalente de arena (%EA)
A19: Equipos a utilizar:
A21: Probetas graduadas
A23: Paso 2. Definición de las variables aleatorias
A32: Fuentes | B32: Valor | C32: Incertidumbre Original | D32: Unidades | E32: Distribución | F32: Incertidumbre Estándar u(xi) | G32: Coeficiente de Sensibilidad | H32: Contribución ui(y) | I32: Fuentes | J32: Valor | K32: Incertidumbre Original | L32: Unidades | M32: Distribución | N32: Incertidumbre Estándar u(xi) | O32: Coeficiente de Sensibilidad | P32: Contribución ui(y) | Q32: Fuentes | R32: Valor | S32: Incertidumbre Original | T32: Unidades | U32: Distribución | V32: Incertidumbre Estándar u(xi) | W32: Coeficiente de Sensibilidad | X32: Contribución ui(y)
A33: Equivalente de Arena | B33: =ROUNDUP((B36/B34*100),0) -> #DIV/0! | I33: Equivalente de Arena | J33: =ROUNDUP((J36/J34*100),0) -> #DIV/0! | Q33: Equivalente de Arena | R33: =ROUNDUP((R36/R34*100),0) -> #DIV/0!
A34: Lecturas de Medida - Arcilla | B34: =+Balanza!C4 -> 0 | D34: in | E34: --- | F34: =+F35 -> 0.030731815 | G34: =(B36/POWER(B34,2))*100 -> #DIV/0! | H34: =ABS(G34*F34) -> #DIV/0! | I34: Lecturas de Medida - Arcilla | J34: =+Balanza!D4 -> 0 | L34: in | M34: --- | N34: =+N35 -> 0.030731815 | O34: =(J36/POWER(J34,2))*100 -> #DIV/0! | P34: =ABS(O34*N34) -> #DIV/0! | Q34: Lecturas de Medida - Arcilla | R34: =+Balanza!E4 -> 0 | T34: in | U34: --- | V34: =+V35 -> 0.030731815 | W34: =(R36/POWER(R34,2))*100 -> #DIV/0! | X34: =ABS(W34*V34) -> #DIV/0!
A35: Repetibilidad | C35: =Balanza!$C$18 -> 0.030731815 | D35: in | E35: Normal, K=1 | F35: =+C35 -> 0.030731815 | G35: --- | H35: --- | I35: Repetibilidad | K35: =Balanza!$C$18 -> 0.030731815 | L35: in | M35: Normal, K=1 | N35: =+K35 -> 0.030731815 | O35: --- | P35: --- | Q35: Repetibilidad | S35: =Balanza!$C$18 -> 0.030731815 | T35: in | U35: Normal, K=1 | V35: =+S35 -> 0.030731815 | W35: --- | X35: ---
A36: Lecturas de Medida . Arena | B36: =+Balanza!C5 -> 0 | D36: in | E36: --- | F36: =+F37 -> 0.030731815 | G36: =(1/B34)*100 -> #DIV/0! | H36: =ABS(G36*F36) -> #DIV/0! | I36: Lecturas de Medida . Arena | J36: =+Balanza!D5 -> 0 | L36: in | M36: --- | N36: =+N37 -> 0.030731815 | O36: =(1/J34)*100 -> #DIV/0! | P36: =ABS(O36*N36) -> #DIV/0! | Q36: Lecturas de Medida . Arena | R36: =+Balanza!E5 -> 0 | T36: in | U36: --- | V36: =+V37 -> 0.030731815 | W36: =(1/R34)*100 -> #DIV/0! | X36: =ABS(W36*V36) -> #DIV/0!
A37: Repetibilidad | C37: =Balanza!$C$18 -> 0.030731815 | D37: in | E37: Normal, K=1 | F37: =+C37 -> 0.030731815 | G37: --- | H37: --- | I37: Repetibilidad | K37: =Balanza!$C$18 -> 0.030731815 | L37: in | M37: Normal, K=1 | N37: =+K37 -> 0.030731815 | O37: --- | P37: --- | Q37: Repetibilidad | S37: =Balanza!$C$18 -> 0.030731815 | T37: in | U37: Normal, K=1 | V37: =+S37 -> 0.030731815 | W37: --- | X37: ---
A38: factor de presición | B38: =+Precision!B8 -> 0.97752522 | D38: % | E38: Norma, K=1 | F38: =+B38 -> 0.97752522 | G38: 1 | H38: =ABS(G38*F38) -> 0.97752522 | I38: factor de presición | J38: =+B38 -> 0.97752522 | L38: % | M38: Norma, K=1 | N38: =+J38 -> 0.97752522 | O38: 1 | P38: =ABS(O38*N38) -> 0.97752522 | Q38: factor de presición | R38: =+J38 -> 0.97752522 | T38: % | U38: Norma, K=1 | V38: =+R38 -> 0.97752522 | W38: 1 | X38: =ABS(W38*V38) -> 0.97752522
A39: Incertidumbre Estándar Combinada | H39: =SQRT((H34*H34)+(H38*H38)+(H36*H36)) -> #DIV/0! | P39: =SQRT((P34*P34)+(P38*P38)+(P36*P36)) -> #DIV/0! | X39: =SQRT((X34*X34)+(X38*X38)+(X36*X36)) -> #DIV/0!
A40: Incertidumbre Expandida, K = 2 | H40: =ROUNDUP((MAX(H39:X39)*2),0) -> #DIV/0!
B43: =A34 -> Lecturas de Medida - Arcilla | C43: =H34 -> #DIV/0! | D43: =+C43/$C$46 -> #DIV/0!
B44: =A36 -> Lecturas de Medida . Arena | C44: =H36 -> #DIV/0! | D44: =+C44/$C$46 -> #DIV/0!
B45: =A38 -> factor de presición | C45: =H38 -> 0.97752522 | D45: =+C45/$C$46 -> #DIV/0!
C46: =SUM(C43:C45) -> #DIV/0!
A55: REVISADO POR: | B55: FABIAN LA ROSA | E55: APROBADO POR: | G55: IRMA COAQUIRA
A57: FECHA DE REVISIÓN: | B57: 44869 | E57: FECHA DE APROBACIÓN: | G57: 44870

Sheet Balanza
A2: Ensayo
B4: =+Datos!B13 -> Lectura de la arcilla | C4: =+Datos!G13 -> 0 | D4: =+Datos!H13 -> 0 | E4: =+Datos!I13 -> 0
B5: =+Datos!B14 -> Lectura de la arena | C5: =+Datos!G14 -> 0 | D5: =+Datos!H14 -> 0 | E5: =+Datos!I14 -> 0
A9: Verificacion de las Probetas
A11: Altura Graduada
A13: 1 | B13: 381.5 | C13: 381.6
A14: 2 | B14: 381.4 | C14: 381.5
A15: 3 | B15: 381.5 | C15: 381.6
A16: 4
A17: incertidumbre de alturas (gradacion) de probetas: | C17: =COUNT(B13:C16) -> 6
C18: =STDEV(B13:C16)/SQRT($C$17) -> 0.030731815

Sheet Precision
A4: Factor de precision EQUIVALENTE ARENA
A6: Fecha de evaluacion: | B6: 46072
A8: Desviacion Estándar Repetibilidad (Sr) | B8: 0.97752522
A9: Desviacion Estándar Reproducibilidad (SR) | B9: 0.99721835

Sheet Hoja1
A2: CODIGO | C2: CONCATENADOS | D2: DESCRIPCION | E2: FC | F2: F. MOLDEO | G2: DIA | H2: DIAMETRO | I2: CARGA | J2: AREA | K2: RESIS. CONCRETO | L2: % RESIS | M2: TIPO DE FALLA
A3: 4400 | B3: =+A3+1 -> 4401 | C3: =A3&"-"&B3 -> 4400-4401 | D3: Columnas C-9;5-3/G.H | E3: 350 | F3: 42347 | G3: 7 | H3: 15.05 | I3: 49900 | J3: =H3*H3*PI()/4 -> 177.89465 | K3: =I3/J3 -> 280.5031 | L3: =+K3/E3 -> 0.80143743 | M3: E
C4: =A4&"-"&B4 -> - | E4: 350 | G4: 7 | H4: 15.06 | I4: 50310 | J4: =H4*H4*PI()/4 -> 178.13113 | K4: =I4/J4 -> 282.43238 | L4: =+K4/E4 -> 0.80694967 | M4: F
A5: =+B3+1 -> 4402 | B5: =+A5+1 -> 4403 | C5: =A5&"-"&B5 -> 4402-4403 | E5: 350 | G5: 14 | H5: 15.04 | I5: 56450 | J5: =H5*H5*PI()/4 -> 177.65832 | K5: =I5/J5 -> 317.74476 | L5: =+K5/E5 -> 0.90784216 | M5: F
C6: =A6&"-"&B6 -> - | E6: 350 | G6: 14 | H6: 15 | I6: 59630 | J6: =H6*H6*PI()/4 -> 176.71459 | K6: =I6/J6 -> 337.43677 | L6: =+K6/E6 -> 0.96410507 | M6: F
A7: =+B5+1 -> 4404 | B7: =+A7+1 -> 4405 | C7: =A7&"-"&B7 -> 4404-4405 | E7: 350 | G7: 28 | H7: 15.11 | I7: 65310 | J7: =H7*H7*PI()/4 -> 179.3159 | K7: =I7/J7 -> 364.21755 | L7: =+K7/E7 -> 1.0406216 | M7: F
C8: =A8&"-"&B8 -> - | E8: 350 | G8: 28 | H8: 15.05 | I8: 64730 | J8: =H8*H8*PI()/4 -> 177.89465 | K8: =I8/J8 -> 363.86705 | L8: =+K8/E8 -> 1.0396201 | M8: E
