Workbook
Name ___CC2: [1]Sucs!$L$6
Name __CC2: [1]Sucs!$L$6
Name _CC1: [2]Sucs!$L$6
Name _CC2: [1]Sucs!$L$6
Name _CU1: [2]Sucs!$L$5
Name _IP1: [2]Sucs!$L$4
Name _L1: #REF!
Name _L1: #REF!
Name _L1: #REF!
Name _Ll1: [2]Sucs!$L$3
Name _W1: #REF!
Name _W1: #REF!
Name _W1: #REF!
Name Abra: [3]Sucs!$C$3
Name CC: #REF!
Name CC: #REF!
Name CC: #REF!
Name CCf: '[2]Sucs(Fino)'!$L$6
Name CCVB: [4]Sucs!$L$3
Name CM: [5]BGA!$H$9
Name CU: #REF!
Name CU: #REF!
Name CU: #REF!
Name CUf: '[2]Sucs(Fino)'!$L$5
Name hh: #REF!
Name hh: #REF!
Name hh: #REF!
Name IP: #REF!
Name IP: #REF!
Name IP: #REF!
Name IPf: '[2]Sucs(Fino)'!$L$4
Name L: #REF!
Name L: #REF!
Name L: #REF!
Name LIf: '[2]Sucs(Fino)'!$L$3
Name Ll: #REF!
Name Ll: #REF!
Name Ll: #REF!
Name MORA: [5]BGA!$H$13
Name N_10: #REF!
Name N_10: #REF!
Name N_10: #REF!
Name N_101: [2]Sucs!$C$5
Name N_10f: '[2]Sucs(Fino)'!$C$5
Name N_200: #REF!
Name N_200: #REF!
Name N_200: #REF!
Name N_2001: [2]Sucs!$C$3
Name N_200f: '[2]Sucs(Fino)'!$C$3
Name N_40: #REF!
Name N_40: #REF!
Name N_40: #REF!
Name N_401: [2]Sucs!$C$4
Name N_40f: '[2]Sucs(Fino)'!$C$4
Name PC: [4]Sucs!$C$5
Name TABLA: #REF!
Name TABLA: #REF!
Name TABLA: #REF!
Name tipodegranulometria: '[6]G-LL '!$X$2:$X$3
Name tipodegranulometria: '[6]G-LL '!$X$2:$X$3

Sheet FORMATO
P2: CLIENTE
P3: DIRECCIÓN **
P4: PROYECTO **
P5: UBICACIÓN **
A7: LABORATORIO DE ENSAYO DE MATERIALES | P7: RECEPCIÓN N°
A8: FORMATO N° F-LEM-P-AG-20.01 | P8: F. EMISIÓN
P9: OT N°
E10: MUESTRA | G10: N° OT | H10: FECHA DE ENSAYO | K10: REALIZADO
P11: CÓDIGO DE LA MUESTRA
P12: FECHA DE RECEPCIÓN
P13: FECHA DE EJECUCIÓN
A14: Standard Test Method for Total Evaporable Moisture Content of Aggregate by Drying
A15: ASTM C566-25 | P15: CANTERA/SONDAJE **
P16: N° MUESTRA **
P17: TIPO DE MUESTRA**
B18: Descripción | F18: Und | G18: Ensayo
B19: 1 | C19: N° de ensayo | F19: N°
B20: 2 | C20: Recipiente Nº | F20: N°
B21: 3 | C21: Masa de recipiente + muestra húmedo | F21: g
B22: 4 | C22: Masa de recipiente + muestra seco | F22: g
B23: 5 | C23: Masa de recipiente + muestra seco (constante) | F23: g
B24: 6 | C24: Masa de agua (3-4) | F24: g
B25: 7 | C25: Masa de recipiente | F25: g
B26: 8 | C26: Masa de muestra seco (5-7) | F26: g
B27: 9 | C27: Contenido de Humedad de la muestra (6/8*100) | F27: % | I27: Fuente: Elaboración propia basada en la Norma ASTM C566-25.
B28: * Reporte al 0.1%, indicado por la Norma de ensayo.
B29: Descripción de la muestra
B30: * Tipo de muestra | I30: Equipos utilizados | K30: Códigos
B31: * Tamaño máximo de la muestra (Visual) (in) | I31: Balanza 0.1 g
B32: * La masa de la muestra cumple con lo requerido por la norma | I32: Horno 110ºC
B33: * Se excluyó algún material de la muestra de ensayo
B34: Descripción del material excluido:
A37: Observaciones: | E37: ….....................................................................................................................................................................................................
A38: …..................................................................................................................................................................................................................
A46: Página 1 de 1
A47: Versión: 04 (2026-02-12) | F47: Prohibido reproducir sin autorización
A49: WEB: www.geofal.com.pe, E-MAIL: laboratorio@geofal.com.pe Av. Marañon 763, Los Olivos-Lima / Teléfono: 01 522-1851

Sheet INFORME
A2: LABORATORIO DE ENSAYO DE MATERIALES
A3: 0
A5: CLIENTE | C5: : | D5: =+FORMATO!Q2 -> 0 | L5: CÓDIGO | M5: : | N5: F-LEM-P-AG.20.02
A6: DIRECCIÓN ** | C6: : | D6: =+FORMATO!Q3 -> 0 | L6: RECEPCIÓN N° | M6: : | N6: =+FORMATO!Q7 -> 0
A7: PROYECTO ** | C7: : | D7: =+FORMATO!Q4 -> 0 | L7: OT N° | M7: : | N7: =+FORMATO!Q9 -> 0
A8: UBICACIÓN ** | C8: : | D8: =+FORMATO!Q5 -> 0 | L8: FECHA EMISIÓN | M8: : | N8: =+FORMATO!Q8 -> 0
A9: ** Datos proporcionados por el cliente
A10: Standard Test Method for Total Evaporable Moisture Content of Aggregate by Drying
A11: ASTM C566-25
A13: DATOS DE LA MUESTRA
A14: CANTERA / SONDAJE ** | E14: : | F14: =+FORMATO!Q15 -> 0 | L14: CÓDIGO DE LA MUESTRA | M14: : | N14: =+FORMATO!Q11 -> 0
A15: N° MUESTRA ** | E15: : | F15: =+FORMATO!Q16 -> 0 | L15: FECHA DE RECEPCIÓN | M15: : | N15: =+FORMATO!Q12 -> 0
A16: TIPO DE MUESTRA | E16: : | F16: =+FORMATO!Q17 -> 0 | L16: FECHA DE EJECUCIÓN | M16: : | N16: =+FORMATO!Q13 -> 0 | O16: =+FORMATO!H11 -> 0
A17: LUGAR DE ENSAYO | E17: : | F17: Laboratorio de ensayo de Materiales
F20: Descripción | J20: Und | K20: Datos
F21: N° de ensayo | J21: N° | K21: =+'Datos ensayo'!D13 -> 1
F22: Recipiente Nº | J22: N° | K22: =+'Datos ensayo'!D14 -> 0
F23: Masa de recipiente + muestra húmedo | J23: g | K23: =+'Datos ensayo'!E15 -> 0
F24: Masa de recipiente + muestra seca | J24: g | K24: =+'Datos ensayo'!E17 -> 0
F25: Masa de agua | J25: g | K25: =+'Datos ensayo'!E19 -> 0
F26: Masa de recipiente | J26: g | K26: =+'Datos ensayo'!E18 -> 0
F27: Masa de muestra seca | J27: g | K27: =+'Datos ensayo'!E20 -> 0
F28: Contenido de Humedad de la muestra* | J28: % | K28: =+'Datos ensayo'!E21 -> #DIV/0!
A31: Condiciones del ensayo
A32: - Se excluyó algún material de la muestra de ensayo (Si/No) | I32: =+FORMATO!F33 -> 0
A34: Descripción de la muestra:
A35: Tamaño máximo nominal (in) | I35: =+'Datos ensayo'!I14 -> 0
A36: Forma de la particula | I36: =+'Datos ensayo'!I15 -> 0
A38: Nota:
A39: - El cliente es responsable de los datos de identificación de los puntos de ensayo brindados.
A40: - Los resultados expresados se refieren únicamente al ensayo realizado en dicho momento y en las condiciones especificadas en este documento, por lo que GEOFAL S.A.C. no será responsable por los ensayos realizados con la presente muestra en condiciones distintas a las aquí señaladas.
A41: - GEOFAL S.A.C. no se hace responsable por el uso incorrecto o inadecuado del presente informe.
A42: - Los resultados de los ensayos realizados no deben ser utilizados como una certificación de conformidad con normas de producto o como certificado del sistema de calidad de la entidad que lo produce.
A43: - De conformidad con lo dispuesto por el artículo 1321 del Código Civil, queda establecido que en ningún caso la responsabilidad de GEOFAL S.A.C. será mayor al valor del servicio prestado.
A45: Observaciones:
A49: Página 1 de 1
A50: Versión: 08 (2026-06-15) | K50: Fin del Informe

Sheet Datos ensayo
B2: DATOS DEL ENSAYO
B4: Standard Test Method for Total Evaporable Moisture Content of Aggregate by Drying
B5: ASTM C566-25
B7: Informacion para la Correccion por Certificado de Calibración: | G7: OPERADORES
B8: Precision Balanza al 0.1g | G8: - | H8: =+FORMATO!K11 -> 0
B9: Correccion | D9: =+Balanza!C6 -> -3.29e-06
B10: Codigo balanza | D10: =+Balanza!C10 -> EQP-0046
B11: Fecha de calibración | D11: =+Balanza!D11 -> 46132
A13: 1 | B13: N° de ensayo | C13: N° | D13: 1 | E13: CORRECCION | F13: Descripción de la muestra:
A14: 2 | B14: Recipiente Nº | C14: N° | D14: =+FORMATO!G20 -> 0 | F14: Tamaño máximo nominal (in) | I14: 0
A15: 3 | B15: Masa de la recipiente + muestra húmedo | C15: g | D15: =+FORMATO!G21 -> 0 | E15: =D15+($D$9*D15) -> 0 | F15: Forma de la particula | I15: 0
A16: 4 | B16: Masa de la recipiente + muestra seca | C16: g | D16: =+FORMATO!G22 -> 0 | E16: =D16+($D$9*D16) -> 0
A17: 5 | B17: Masa de la recipiente + muestra seca (constante) | C17: g | D17: =+FORMATO!G23 -> 0 | E17: =D17+($D$9*D17) -> 0
A18: 6 | B18: Masa de recipiente | C18: g | D18: =+FORMATO!G25 -> 0 | E18: =D18+($D$9*D18) -> 0
A19: 7 | B19: Masa de agua | C19: g | D19: =+D15-D17 -> 0 | E19: =+E15-E17 -> 0
A20: 8 | B20: Masa de muestra seca | C20: g | D20: =+D17-D18 -> 0 | E20: =+E17-E18 -> 0
A21: 9 | B21: Contenido de Humedad de la muestra* | C21: % | D21: =+D19/D20*100 -> #DIV/0! | E21: =+E19/E20*100 -> #DIV/0!
E22: * Reporte al 0.1%
B23: Perdida de masa seca adicional (Tiene que ser menor al 0.1%) | D23: =(D16-D17)/D17*100 -> #DIV/0! | E23: =IF(D23<0.1, "cumple", "no cumple") -> #DIV/0!
B25: TABLA MASA MÍNIMA HUMEDAD | D25: Peso mínimo (kg) | E25: MARCA CON X
B27: Arena | C27: No 4 | D27: 0.5
B28: Piedra | C28: 3/8 in. | D28: 1.5
C29: 1/2 in. | D29: 2
C30: 3/4 in. | D30: 3
C31: 1 in. | D31: 4
C32: 1 1/2 in. | D32: 6
C33: 2 in. | D33: 8
C34: 2 1/2 in. | D34: 10
C35: 3 in. | D35: 13
C36: 3 1/2 in. | D36: 16
C37: 4 in. | D37: 25
C38: 6 in. | D38: 50
D39: TMN = | E39: =IF(AND(E27="",E28="",E29="",E30="",E31="",E32="",E33="",,E34="",E35=""),"",IF(E27<>"","N°4",IF(E28<>"","3/8",IF(E29<>"","1/2",IF(E30<>"","3/4",IF(E31<>"","1",IF(E32<>"","1 1/2",IF(E33<>"","2",IF(E34<>"","2 1/2",IF(E35<>"","3","3 1/2")))))))))) -> 3 1/2
D40: Aproximación 0.1% (g)= | E40: =IF(E39="","",IF(E39="3",13000,IF(E39="2 1/2",10000,IF(E39="2",8000,IF(E39="1 1/2",6000,IF(E39="1",4000,IF(E39="3/4",3000,IF(E39="1/2",2000,IF(E39="3/8",1500,500))))))))) -> 500
D41: Verificacion si cumple el peso minimo al método | E41: =IF(D15="","",IF(AND(E27="",E28="",E29="",E30="",E31="",E32="",E33="",E34="",E35=""),"Falta Especificar Tmax",IF(D15="","",IF(D15-D18>=E40,"Cumple",IF(D15-D18>E40,"Cumple","No cumple"))))) -> Falta Especificar Tmax

Sheet Incertidumbre
C1: INFORME DE ESTIMACIÓN DE INCERTIDUMBRE | I1: Código: | J1: F-LEM-P-10.01
I2: Versión: | J2: 3
I3: Fecha: | J3: 46146
I4: Página: | J4: 1 de 1
A6: Método: | B6: Standard Test Method for Total Evaporable Moisture Content of Aggregate by Drying
A7: Norma: | B7: ASTM C566-19
A8: Matriz: | B8: Agregado
A9: Mensurando | B9: Agua presente en la matriz de Agregado
A11: Paso 1. Definicion del proceso de medición
A13: Variables: | E13: Fórmula:
A15: Masa humeda (W)
A16: Masa seca ( D)
A18: Equipos a utilizar:
A20: Balanza con resulución de lectura de 0.1g
A22: Paso 2. Definición de las variables aleatorias
A36: CALCULOS
A37: Fuentes | B37: Valor | C37: Incertidumbre Original | D37: Unidades | E37: Distribución | F37: Incertidumbre Estándar u(xi) | G37: Coeficiente de Sensibilidad | H37: Contribución ui(y)
A38: Humedad (%) | B38: =+(B39-B43)/B43*100 -> #DIV/0! | C38: --- | D38: --- | E38: --- | F38: --- | G38: --- | H38: ---
A39: Masa Humeda | B39: =+Balanza!F29 -> 0 | C39: --- | D39: g | E39: --- | F39: =SQRT((F40*F40)+(F41*F41)+(F42*F42)) -> 0.070663522 | G39: =100/B43 -> #DIV/0! | H39: =+G39*F39 -> #DIV/0! | I39: W
A40: Repetibilidad de la pesada | C40: =+Balanza!G29 -> 0 | D40: g | E40: Normal, K=1 | F40: =+C40 -> 0 | G40: --- | H40: ---
A41: Certificado de Calibración | C41: =2*(SQRT(Balanza!$C$7+Balanza!$D$7*(POWER(B39,2)))) -> 0.12899612 | D41: g | E41: Normal, K=2 (/2) | F41: =C41/2 -> 0.064498062 | G41: --- | H41: ---
A42: Resolución | C42: =Balanza!$C$9 -> 0.1 | D42: g | E42: Rectangular | F42: =C42/SQRT(3)/2 -> 0.028867513 | G42: --- | H42: ---
A43: Masa Seca | B43: =+Balanza!F30 -> 0 | D43: g | E43: --- | F43: =SQRT((F44*F44)+(F45*F45)+(F46*F46)) -> 0.070663522 | G43: =+(100*B39/B43/B43) -> #DIV/0! | H43: =+G43*F43 -> #DIV/0! | I43: D
A44: Repetibilidad de la pesada | C44: =+Balanza!G30 -> 0 | D44: g | E44: Normal, K=1 | F44: =+C44 -> 0 | G44: --- | H44: ---
A45: Certificado de Calibración | C45: =2*(SQRT(Balanza!$C$7+Balanza!$D$7*(POWER(B43,2)))) -> 0.12899612 | D45: g | E45: Normal, K=2 (/2) | F45: =C45/2 -> 0.064498062 | G45: --- | H45: ---
A46: Resolución | C46: =Balanza!$C$9 -> 0.1 | D46: g | E46: Rectangular | F46: =C46/SQRT(3)/2 -> 0.028867513 | G46: --- | H46: ---
A47: factor de presición | B47: =+Precisión!C7 -> 0.10703063 | D47: % | E47: Norma, K=1 | F47: =B47/SQRT(1) -> 0.10703063 | G47: 1 | H47: =+F47*G47 -> 0.10703063
A48: Incertidumbre Estándar Combinada | E48: % | F48: =SQRT((H39*H39)+(H43*H43)+(H47*H47)) -> #DIV/0!
A49: Incertidumbre Expandida, K = 2 (al 95%) | E49: % | F49: =F48*2 -> #DIV/0!
B51: Factor de Influencia | C51: Valor | D51: %
B52: =A39 -> Masa Humeda | C52: =H39 -> #DIV/0! | D52: =+C52*100/$C$55 -> #DIV/0!
B53: =A43 -> Masa Seca | C53: =H43 -> #DIV/0! | D53: =+C53*100/$C$55 -> #DIV/0!
B54: =A47 -> factor de presición | C54: =H47 -> 0.10703063 | D54: =+C54*100/$C$55 -> #DIV/0!
C55: =SUM(C52:C54) -> #DIV/0! | D55: =+C55*100/$C$55 -> #DIV/0!
A59: REVISADO POR: | B59: FABIAN LA ROSA | E59: APROBADO POR: | G59: IRMA COAQUIRA
A61: FECHA DE REVISIÓN: | B61: 44869 | E61: FECHA DE APROBACIÓN: | G61: 44870

Sheet Balanza
B1: CALIBRACION DE LA BALANZA
B6: Corrección | C6: -3.29e-06
B7: Variables | C7: 0.00416 | D7: 2.43e-10
B8: Ecuación | C8: 2*RAIZ(0.00416+0.000000000243*R2)
B9: Resolución | C9: 0.1 | D9: g
B10: Código | C10: EQP-0046
B11: Fecha ultima calibracion | D11: 46132
B13: ÍTEM | C13: MES | D13: 200 | E13: 500 | F13: 1000 | G13: 5000 | H13: 10000
C17: DESV STD | D17: 0 | E17: 0 | F17: 0 | G17: 0 | H17: 0
B19: Busqueda de Repetibilidad de la masa
D21: =+D13 -> 200 | E21: =+E13 -> 500 | F21: =+F13 -> 1000 | G21: =+G13 -> 5000 | H21: =+H13 -> 10000
D22: =D17 -> 0 | E22: =E17 -> 0 | F22: =F17 -> 0 | G22: =G17 -> 0 | H22: =H17 -> 0
D24: Tara + suelo húmedo | F24: =+'Datos ensayo'!E15 -> 0 | G24: =IF(F24<=$D$21,$D$22,IF(AND(F24>$D$21,F24<=$E$21),$E$22,IF(AND(F24>$E$21,F24<=$F$21),$F$22,IF(AND(F24>$F$21,F24<=$G$21),$G$22,IF(AND(F24>$G$21,F24<=$H$21),$H$22,$H$22))))) -> 0
D25: Tara + suelo seco | F25: =+'Datos ensayo'!E16 -> 0 | G25: =IF(F25<=$D$21,$D$22,IF(AND(F25>$D$21,F25<=$E$21),$E$22,IF(AND(F25>$E$21,F25<=$F$21),$F$22,IF(AND(F25>$F$21,F25<=$G$21),$G$22,IF(AND(F25>$G$21,F25<=$H$21),$H$22,$H$22))))) -> 0
D26: Tara + suelo seco 1 | F26: =+'Datos ensayo'!E17 -> 0 | G26: =IF(F26<=$D$21,$D$22,IF(AND(F26>$D$21,F26<=$E$21),$E$22,IF(AND(F26>$E$21,F26<=$F$21),$F$22,IF(AND(F26>$F$21,F26<=$G$21),$G$22,IF(AND(F26>$G$21,F26<=$H$21),$H$22,$H$22))))) -> 0
D27: Peso de agua | F27: =+'Datos ensayo'!E19 -> 0 | G27: =IF(F27<=$D$21,$D$22,IF(AND(F27>$D$21,F27<=$E$21),$E$22,IF(AND(F27>$E$21,F27<=$F$21),$F$22,IF(AND(F27>$F$21,F27<=$G$21),$G$22,IF(AND(F27>$G$21,F27<=$H$21),$H$22,$H$22))))) -> 0
D28: Peso de tara | F28: =+'Datos ensayo'!E18 -> 0 | G28: =IF(F28<=$D$21,$D$22,IF(AND(F28>$D$21,F28<=$E$21),$E$22,IF(AND(F28>$E$21,F28<=$F$21),$F$22,IF(AND(F28>$F$21,F28<=$G$21),$G$22,IF(AND(F28>$G$21,F28<=$H$21),$H$22,$H$22))))) -> 0
D29: masa humeda | F29: =+F24-F28 -> 0 | G29: =IF(F29<=$D$21,$D$22,IF(AND(F29>$D$21,F29<=$E$21),$E$22,IF(AND(F29>$E$21,F29<=$F$21),$F$22,IF(AND(F29>$F$21,F29<=$G$21),$G$22,IF(AND(F29>$G$21,F29<=$H$21),$H$22,$H$22))))) -> 0
D30: masa seca | F30: =+F26-F28 -> 0 | G30: =IF(F30<=$D$21,$D$22,IF(AND(F30>$D$21,F30<=$E$21),$E$22,IF(AND(F30>$E$21,F30<=$F$21),$F$22,IF(AND(F30>$F$21,F30<=$G$21),$G$22,IF(AND(F30>$G$21,F30<=$H$21),$H$22,$H$22))))) -> 0

Sheet Precisión
B2: INCERTIDUMBRE ESTANDAR -TIPO A
B4: TALLER DE INCERTIDUMBRE ESTANDAR -TIPO A
B5: Fecha de evaluacion: | C5: 46069
B6: 1-Calcular la Incertidumbre estandar bajo condiciones de reproducibilidad
B7: Desviacion Estándar Repetibilidad (Sr) | C7: 0.10703063
B8: Desviacion Estándar Reproducibilidad (SR) | C8: 0.11536175

Sheet Hoja1
A2: CODIGO | C2: CONCATENADOS | D2: DESCRIPCION | E2: FC | F2: F. MOLDEO | G2: DIA | H2: DIAMETRO | I2: CARGA | J2: AREA | K2: RESIS. CONCRETO | L2: % RESIS | M2: TIPO DE FALLA
A3: 4400 | B3: =+A3+1 -> 4401 | C3: =A3&"-"&B3 -> 4400-4401 | D3: Columnas C-9;5-3/G.H | E3: 350 | F3: 42347 | G3: 7 | H3: 15.05 | I3: 49900 | J3: =H3*H3*PI()/4 -> 177.89465 | K3: =I3/J3 -> 280.5031 | L3: =+K3/E3 -> 0.80143743 | M3: E
C4: =A4&"-"&B4 -> - | E4: 350 | G4: 7 | H4: 15.06 | I4: 50310 | J4: =H4*H4*PI()/4 -> 178.13113 | K4: =I4/J4 -> 282.43238 | L4: =+K4/E4 -> 0.80694967 | M4: F
A5: =+B3+1 -> 4402 | B5: =+A5+1 -> 4403 | C5: =A5&"-"&B5 -> 4402-4403 | E5: 350 | G5: 14 | H5: 15.04 | I5: 56450 | J5: =H5*H5*PI()/4 -> 177.65832 | K5: =I5/J5 -> 317.74476 | L5: =+K5/E5 -> 0.90784216 | M5: F
C6: =A6&"-"&B6 -> - | E6: 350 | G6: 14 | H6: 15 | I6: 59630 | J6: =H6*H6*PI()/4 -> 176.71459 | K6: =I6/J6 -> 337.43677 | L6: =+K6/E6 -> 0.96410507 | M6: F
A7: =+B5+1 -> 4404 | B7: =+A7+1 -> 4405 | C7: =A7&"-"&B7 -> 4404-4405 | E7: 350 | G7: 28 | H7: 15.11 | I7: 65310 | J7: =H7*H7*PI()/4 -> 179.3159 | K7: =I7/J7 -> 364.21755 | L7: =+K7/E7 -> 1.0406216 | M7: F
C8: =A8&"-"&B8 -> - | E8: 350 | G8: 28 | H8: 15.05 | I8: 64730 | J8: =H8*H8*PI()/4 -> 177.89465 | K8: =I8/J8 -> 363.86705 | L8: =+K8/E8 -> 1.0396201 | M8: E
