Workbook

Sheet -------

Sheet FORMATO
D2: LABORATORIO DE ENSAYO DE MATERIALES | T2: CLIENTE
D3: FORMATO N° F-LEM-P-SU-37.01 | T3: DIRECCIÓN **
T4: PROYECTO **
T5: UBICACIÓN **
T7: RECEPCIÓN N°
D8: MUESTRA | F8: N° OT | H8: FECHA DE ENSAYO | K8: REALIZADO | T8: F. EMISIÓN
T9: OT N°
A11: STANDARD TEST METHOD FOR CALIFORNIA BEARING RATIO (CBR) OF LABORATORY-COMPACTED SOILS | T11: CÓDIGO DE LA MUESTRA
A12: NORMA ASTM D1883-21 | T12: FECHA DE RECEPCIÓN
T13: FECHA DE EJECUCIÓN
A14: Sobretamaño mayor a 3/4 in | G14: % | N14: Máxima Densidad Seca (g/cm3)
A15: Masa de grava entre 3/4 in - No. 4 adicionada | G15: g | N15: Optimo Contenido de Humedad (%) | T15: CANTERA/SONDAJE **
A16: Condicion de la muestra | D16: saturado | N16: Temperatura Inicial (C°) | T16: N° MUESTRA **
D17: sin saturar | N17: Temperatura Final (C°) | T17: TIPO DE MUESTRA**
A19: Tamaño máximo de la muestra de prueba (visual) (in):
A20: Descripción de muestra ASTM D2488:
A21: ENSAYO | D21: Especimen N°01 | H21: Especimen N°02 | L21: Especimen N°03
A22: CONDICIÓN | D22: Sin Saturar | F22: Saturado | H22: Sin Saturar | J22: Saturado | L22: Sin Saturar | O22: Saturado
A23: Nº Golpes (56-25-10) | D23: 56 | H23: 25 | L23: 10
A24: Código de Moldes
A25: Temperatura de inicio (°C) (18-24°C)
A26: Temperatura final (°C) (18-24°C)
A27: Masa de molde + suelo moldeado (g)
A28: DETERMINACIÓN DE HUMEDAD
A29: Código tara
A30: Masa de tara (g)
A31: Masa de suelo húmedo + tara (g)
A32: Masa de suelo húmedo (g) (*) | D32: =+D31-D30 -> 0 | F32: =+F31-F30 -> 0 | H32: =+H31-H30 -> 0 | J32: =+J31-J30 -> 0 | L32: =+L31-L30 -> 0 | O32: =+O31-O30 -> 0
A33: Masa de suelo seco + tara (g)
A34: Masa de suelo seco + tara (g) CONSTANTE
A35: (*) Según Tabla 1 de la norma ASTM D2216-19.
A36: LECTURA DE PENETRACIÓN
A37: Tiempo (minutos) | B37: Penetración | D37: Tensión | E37: Lectura de penetración | L37: HINCHAMIENTO
B38: (in) | C38: (mm) | D38: Estandar SS | E38: lectura Dial kg | G38: lectura Dial kg | I38: lectura Dial kg | L38: Fecha | N38: Hora | O38: Esp. 01 | P38: Esp. 02 | Q38: Esp. 03
D39: psi = lbf/in2 | O39: Expansión (mm)
A40: 0:00 | B40: 0 | C40: 0 | L40: 09/02/26 | N40: 11:00:00
A41: 0:30 | B41: 0.025 | C41: 0.64 | L41: 10/02/26 | N41: 11:00:00
A42: 1:00 | B42: 0.05 | C42: 1.3 | L42: 11/02/26 | N42: 11:00:00
A43: 1:30 | B43: 0.075 | C43: 1.9 | L43: 12/02/26 | N43: 11:00:00
A44: 2:00 | B44: 0.1 | C44: 2.5 | D44: 1000 | L44: 13/02/26 | N44: 11:00:00
A45: 0.10416667 | B45: 0.125 | C45: 3.18
A46: 0.125 | B46: 0.15 | C46: 3.8 | L46: Equipo utilizado | O46: Código
A47: 0.14583333 | B47: 0.175 | C47: 4.45 | L47: Equipo CBR
A48: 0.16666667 | B48: 0.2 | C48: 5.1 | D48: 1500 | L48: Dial deformación
A49: 0.25 | B49: 0.3 | C49: 7.6 | L49: Dial expansión
A50: 0.33333333 | B50: 0.4 | C50: 10 | L50: Horno 110 ºC
A51: 0.41666667 | B51: 0.5 | C51: 13 | L51: Pison
L52: Balanza 1 g
A53: Profundidad de la hendidura (mm) | L53: Balanza 0.1 g
A56: Observaciones:
A60: Página 1 de 1
A61: Versión: 02 (11-11-2024) | F61: Prohibido reproducir sin autorización
A63: WEB: www.geofal.com.pe E-MAIL: laboratorio@geofal.com.pe Av. Marañon 763, Los Olivos-Lima / Teléfono 01 754-3070

Sheet INFORME-1
A7: LABORATORIO DE ENSAYO DE MATERIALES
A8: 0
A10: CLIENTE | B10: : | C10: =+FORMATO!U2 -> 0 | N10: CÓDIGO | O10: : | P10: F-LEM-P-SU.37.02
A11: DIRECCIÓN** | B11: : | C11: =+FORMATO!U3 -> 0 | N11: RECEPCIÓN N° | O11: : | P11: =+FORMATO!U7 -> 0
A12: PROYECTO** | B12: : | C12: =+FORMATO!U4 -> 0 | N12: OT N° | O12: : | P12: =+FORMATO!U9 -> 0
A13: UBICACIÓN** | B13: : | C13: =+FORMATO!U5 -> 0 | N13: F. EMISIÓN | O13: : | P13: =+FORMATO!U8 -> 0
A14: ** Datos proporcionados por el cliente
A15: Standard Test Method for California Bearing Ratio (CBR) of Laboratory-Compacted Soils
A16: ASTM D1883-21
A18: CANTERA / SONDAJE (**) | D18: : | E18: =+FORMATO!U15 -> 0 | N18: COD. MUESTRA | O18: : | P18: =+FORMATO!D9 -> 0
A19: N° MUESTRA (**) | D19: : | E19: =+FORMATO!U16 -> 0 | N19: FECHA RECEPCIÓN. | O19: : | P19: =+FORMATO!U12 -> 0
A20: TIPO DE MUESTRA (**) | D20: : | E20: =+FORMATO!U17 -> 0 | N20: FECHA EJECUCIÓN | O20: : | P20: =+FORMATO!U13 -> 0 | R20: =+FORMATO!H9 -> 0
A21: LUGAR DE ENSAYO | D21: : | E21: Laboratorio de ensayo de materiales | N21: REALIZADO POR | O21: : | P21: =+DATOS!D2 -> -
A24: INFORMACIÓN ADICIONAL DE LA MUESTRA
A25: Máxima Densidad Seca (kN/m3) | E25: : | F25: =+DATOS!J2 -> 0 | N25: Método de compactación: | O25: : | P25: =+DATOS!D4 -> -
A26: Contenido de Humedad Óptimo (%) | E26: : | F26: =+DATOS!J3 -> 0 | N26: Método de Preparación: | O26: : | P26: =+DATOS!D5 -> -
A27: Porcentaje de retenido tamiz 3/4" | E27: : | F27: =+DATOS!J4 -> 0 | N27: Peso-Sobrecarga (lbf): | O27: : | P27: 10
A28: Descripción de muestra
A29: Contenido Humedad tal como se recibió | F29: - | G29: ASTM D2216 | J29: Limites de Atterberg | N29: - | O29: ASTM D4318 | T29: ASTM D6913 | U29: GR. SUELO
A30: Clasificaciòn de suelo SUCS | F30: - | G30: ASTM D2487 | J30: Analisis granulometrico | N30: - | O30: ASTM D6913 | T30: ASTM C136 | U30: GR. AGREGADO
A31: Otros
A33: PESO UNITARIO SECO
A34: Nº GOLPES | F34: =+DATOS!D15 -> 56 | J34: =+DATOS!H15 -> 25 | N34: =+DATOS!L15 -> 10
A35: Condición de la muestra | F35: =+DATOS!D6 -> - | J35: =+DATOS!D6 -> - | N35: =+DATOS!D6 -> -
A36: Densidad seca antes saturar | E36: g/cm3 | F36: =+DATOS!E23 -> #N/A | J36: =+DATOS!I23 -> #N/A | N36: =+DATOS!M23 -> #N/A | R36: CON CUATRO CIFRAS SIGNIFICATIVAS
A37: Peso Unitario seco antes saturar | E37: kN/m3 | F37: =+DATOS!E24 -> #N/A | J37: =+DATOS!I24 -> #N/A | N37: =+DATOS!M24 -> #N/A | R37: CON CUATRO CIFRAS SIGNIFICATIVAS
A38: CONTENIDO DE HUMEDAD DE COMPACTACIÒN
A39: Contenido de humedad | E39: % | F39: =+DATOS!E32 -> #DIV/0! | J39: =+DATOS!I32 -> #DIV/0! | N39: =+DATOS!M32 -> #DIV/0! | R39: 0.001
A40: CONTENIDO DE HUMEDAD CAPA SUPERIOR DE 1 in DESPUÉS DEL REMOJO
A41: Contenido de humedad | E41: % | F41: =+DATOS!G32 -> #DIV/0! | J41: =+DATOS!K32 -> #DIV/0! | N41: =+DATOS!O32 -> #DIV/0! | R41: 0.001
A42: HINCHAMIENTO
A43: Hinchazón | E43: % | F43: =+DATOS!G40 -> #N/A | J43: =+DATOS!K40 -> #N/A | N43: =+DATOS!O40 -> #N/A | R43: 0.001
A45: FUERZA Y ESFUERZO
A46: Penetración | C46: Tensión Estandar SS | F46: =+F34 -> 56 | J46: =+J34 -> 25 | N46: =+N34 -> 10
A47: (in.) | C47: psi = lbf/in2 | F47: Fuerza total (lbf) | H47: Esfuerzo lbf/in2 | J47: Fuerza total (lbf) | L47: Esfuerzo lbf/in2 | N47: Fuerza total (lbf) | P47: Esfuerzo lbf/in2
A48: =+DATOS!A44 -> 0 | F48: =+DATOS!D44*2.2046 -> 0 | H48: =+DATOS!G44 -> 0 | J48: =+DATOS!H44*2.2046 -> 0 | L48: =+DATOS!K44 -> 0 | N48: =+DATOS!L44*2.2046 -> 0 | P48: =+DATOS!O44 -> 0
A49: =+DATOS!A45 -> 0.025 | F49: =+DATOS!D45*2.2046 -> 0 | H49: =+DATOS!G45 -> 0.78855422 | J49: =+DATOS!H45*2.2046 -> 0 | L49: =+DATOS!K45 -> 0.78855422 | N49: =+DATOS!L45*2.2046 -> 0 | P49: =+DATOS!O45 -> 0.78855422
A50: =+DATOS!A46 -> 0.05 | F50: =+DATOS!D46*2.2046 -> 0 | H50: =+DATOS!G46 -> 0.78855422 | J50: =+DATOS!H46*2.2046 -> 0 | L50: =+DATOS!K46 -> 0.78855422 | N50: =+DATOS!L46*2.2046 -> 0 | P50: =+DATOS!O46 -> 0.78855422
A51: =+DATOS!A47 -> 0.075 | F51: =+DATOS!D47*2.2046 -> 0 | H51: =+DATOS!G47 -> 0.78855422 | J51: =+DATOS!H47*2.2046 -> 0 | L51: =+DATOS!K47 -> 0.78855422 | N51: =+DATOS!L47*2.2046 -> 0 | P51: =+DATOS!O47 -> 0.78855422
A52: =+DATOS!A48 -> 0.1 | C52: 1000 | F52: =+DATOS!D48*2.2046 -> 0 | H52: =+DATOS!G48 -> 0.78855422 | J52: =+DATOS!H48*2.2046 -> 0 | L52: =+DATOS!K48 -> 0.78855422 | N52: =+DATOS!L48*2.2046 -> 0 | P52: =+DATOS!O48 -> 0.78855422
A53: =+DATOS!A49 -> 0.125 | F53: =+DATOS!D49*2.2046 -> 0 | H53: =+DATOS!G49 -> 0.78855422 | J53: =+DATOS!H49*2.2046 -> 0 | L53: =+DATOS!K49 -> 0.78855422 | N53: =+DATOS!L49*2.2046 -> 0 | P53: =+DATOS!O49 -> 0.78855422
A54: =+DATOS!A50 -> 0.15 | F54: =+DATOS!D50*2.2046 -> 0 | H54: =+DATOS!G50 -> 0.78855422 | J54: =+DATOS!H50*2.2046 -> 0 | L54: =+DATOS!K50 -> 0.78855422 | N54: =+DATOS!L50*2.2046 -> 0 | P54: =+DATOS!O50 -> 0.78855422
A55: =+DATOS!A51 -> 0.175 | F55: =+DATOS!D51*2.2046 -> 0 | H55: =+DATOS!G51 -> 0.78855422 | J55: =+DATOS!H51*2.2046 -> 0 | L55: =+DATOS!K51 -> 0.78855422 | N55: =+DATOS!L51*2.2046 -> 0 | P55: =+DATOS!O51 -> 0.78855422
A56: =+DATOS!A52 -> 0.2 | C56: 1500 | F56: =+DATOS!D52*2.2046 -> 0 | H56: =+DATOS!G52 -> 0.78855422 | J56: =+DATOS!H52*2.2046 -> 0 | L56: =+DATOS!K52 -> 0.78855422 | N56: =+DATOS!L52*2.2046 -> 0 | P56: =+DATOS!O52 -> 0.78855422
A57: =+DATOS!A53 -> 0.3 | F57: =+DATOS!D53*2.2046 -> 0 | H57: =+DATOS!G53 -> 0.78855422 | J57: =+DATOS!H53*2.2046 -> 0 | L57: =+DATOS!K53 -> 0.78855422 | N57: =+DATOS!L53*2.2046 -> 0 | P57: =+DATOS!O53 -> 0.78855422
A58: =+DATOS!A54 -> 0.4 | F58: =+DATOS!D54*2.2046 -> 0 | H58: =+DATOS!G54 -> 0.78855422 | J58: =+DATOS!H54*2.2046 -> 0 | L58: =+DATOS!K54 -> 0.78855422 | N58: =+DATOS!L54*2.2046 -> 0 | P58: =+DATOS!O54 -> 0.78855422
A59: =+DATOS!A55 -> 0.5 | F59: =+DATOS!D55*2.2046 -> 0 | H59: =+DATOS!G55 -> 0.78855422 | J59: =+DATOS!H55*2.2046 -> 0 | L59: =+DATOS!K55 -> 0.78855422 | N59: =+DATOS!L55*2.2046 -> 0 | P59: =+DATOS!O55 -> 0.78855422
A60: Observaciones:
A66: Página 1 de 2
A67: Versión: 02 (05-10-2024) | Q67: Fin del Informe

Sheet INFORME-2
A1: LABORATORIO DE ENSAYO DE MATERIALES
A2: =+'INFORME-1'!A8:Q8 -> 0
A4: CLIENTE | C4: : | D4: =+'INFORME-1'!C10 -> 0 | O4: CÓDIGO | P4: : | Q4: =+'INFORME-1'!P10 -> F-LEM-P-SU.37.02
A5: DIRECCIÓN** | C5: : | D5: =+'INFORME-1'!C11 -> 0 | O5: RECEPCIÓN N° | P5: : | Q5: =+'INFORME-1'!P11 -> 0
A6: PROYECTO** | C6: : | D6: =+'INFORME-1'!C12 -> 0 | O6: OT N° | P6: : | Q6: =+'INFORME-1'!P12 -> 0
A7: UBICACIÓN** | C7: : | D7: =+'INFORME-1'!C13 -> 0 | O7: F. EMISIÓN | P7: : | Q7: =+'INFORME-1'!P13 -> 0
A9: =+'INFORME-1'!A15 -> Standard Test Method for California Bearing Ratio (CBR) of Laboratory-Compacted Soils | U9: 56 GOLPES | AE9: 25 GOLPES | AO9: 10 GOLPES
A10: =+'INFORME-1'!A16 -> ASTM D1883-21
U11: Necesita corrección | Y11: NO | AE11: Necesita corrección | AI11: NO | AO11: Necesita corrección | AS11: NO
A12: CURVA DE TENSIÒN - PENETRACIÒN
U13: Ecuacion de la recta | X13: Elementos de la recta: | AA13: Punto recta | AE13: Ecuacion de la recta | AH13: Elementos de la recta: | AK13: Punto recta | AO13: Ecuacion de la recta | AR13: Elementos de la recta: | AU13: Punto recta
U14: X1 | V14: Y1 | X14: m = | Y14: =(V17-V15)/(U17-U15) -> 0 | AA14: X | AB14: Y | AE14: X1 | AF14: Y1 | AH14: m = | AI14: =(AF17-AF15)/(AE17-AE15) -> 0 | AK14: X | AL14: Y | AO14: X1 | AP14: Y1 | AR14: m = | AS14: =(AP17-AP15)/(AO17-AO15) -> 0 | AU14: X | AV14: Y
U15: =+DATOS!A49 -> 0.125 | V15: =+DATOS!G49 -> 0.78855422 | X15: Y3= | Y15: 0 | AA15: =IF(Y11="SI",U17,0) -> 0 | AB15: =IF(Y11="SI",V17,0) -> 0 | AE15: =+DATOS!A49 -> 0.125 | AF15: =+DATOS!K49 -> 0.78855422 | AH15: Y3= | AI15: 0 | AK15: =IF(AI11="SI",AE17,0) -> 0 | AL15: =IF(AI11="SI",AF17,0) -> 0 | AO15: =+DATOS!A48 -> 0.1 | AP15: =+DATOS!O48 -> 0.78855422 | AR15: Y3= | AS15: 0 | AU15: =IF(AS11="SI",AO17,0) -> 0 | AV15: =IF(AS11="SI",AP17,0) -> 0
U16: X2 | V16: Y2 | X16: X3 = | Y16: =(Y15-V15)/Y14+U15 -> #DIV/0! | Z16: in | AA16: =IF(Y11="SI",Y16,0) -> 0 | AB16: =+Y15 -> 0 | AE16: X2 | AF16: Y2 | AH16: X3 = | AI16: =(AI15-AF15)/AI14+AE15 -> #DIV/0! | AK16: =IF(AI11="SI",AI16,0) -> 0 | AL16: =+AI15 -> 0 | AO16: X2 | AP16: Y2 | AR16: X3 = | AS16: =(AS15-AP15)/AS14+AO15 -> #DIV/0! | AU16: =IF(AS11="SI",AS16,0) -> 0 | AV16: =+AS15 -> 0
U17: =+DATOS!A52 -> 0.2 | V17: =+DATOS!G52 -> 0.78855422 | AE17: =+DATOS!A52 -> 0.2 | AF17: =+DATOS!K52 -> 0.78855422 | AO17: =+DATOS!A52 -> 0.2 | AP17: =+DATOS!O52 -> 0.78855422
V19: Coeficientes ecuacion polinomio corregido : | AF19: Coeficientes ecuacion polinomio corregido : | AP19: Coeficientes ecuacion polinomio corregido :
U20: x5 | V20: x4 | W20: x3 | X20: x2 | Y20: x | Z20: Cte. | AE20: x5 | AF20: x4 | AG20: x3 | AH20: x2 | AI20: x | AJ20: Cte. | AO20: x5 | AP20: x4 | AQ20: x3 | AR20: x2 | AS20: x | AT20: Cte.
V21: 0 | W21: =+AB45 -> 75.335239 | X21: =+AB44 -> -51.5904 | Y21: =+AB43 -> 9.970604 | Z21: =+AB42 -> 0.27517333 | AF21: 0 | AG21: =+AL45 -> 75.335239 | AH21: =+AL44 -> -51.5904 | AI21: =+AL43 -> 9.970604 | AJ21: =+AL42 -> 0.27517333 | AP21: 0 | AQ21: =+AV45 -> 75.335239 | AR21: =+AV44 -> -51.5904 | AS21: =+AV43 -> 9.970604 | AT21: =+AV42 -> 0.27517333
Y23: x=penetracion | Z23: y= tensiòn | AI23: x=penetracion | AJ23: y= tensiòn | AS23: x=penetracion | AT23: y= tensiòn
W24: Carga para 0.1": | Y24: =IF(Y11="SI",0.1+Y16,0.1) -> 0.1 | Z24: =$U$21*Y24^5+$V$21*Y24^4+$W$21*Y24^3+$X$21*Y24^2+$Y$21*Y24+$Z$21 -> 0.83166497 | AG24: Carga para 0.1": | AI24: =IF(AI11="SI",0.1+AI16,0.1) -> 0.1 | AJ24: =$AE$21*AI24^5+$AF$21*AI24^4+$AG$21*AI24^3+$AH$21*AI24^2+$AI$21*AI24+$AJ$21 -> 0.83166497 | AQ24: Carga para 0.1": | AS24: =IF(AS11="SI",0.1+AS16,0.1) -> 0.1 | AT24: =$AO$21*AS24^5+$AP$21*AS24^4+$AQ$21*AS24^3+$AR$21*AS24^2+$AS$21*AS24+$AT$21 -> 0.83166497
W25: Carga para 0.2": | Y25: =IF(Y11="SI",0.2+Y16,0.2) -> 0.2 | Z25: =$U$21*Y25^5+$V$21*Y25^4+$W$21*Y25^3+$X$21*Y25^2+$Y$21*Y25+$Z$21 -> 0.80836003 | AG25: Carga para 0.2": | AI25: =IF(AI11="SI",0.2+AI16,0.2) -> 0.2 | AJ25: =$AE$21*AI25^5+$AF$21*AI25^4+$AG$21*AI25^3+$AH$21*AI25^2+$AI$21*AI25+$AJ$21 -> 0.80836003 | AQ25: Carga para 0.2": | AS25: =IF(AS11="SI",0.2+AS16,0.2) -> 0.2 | AT25: =$AO$21*AS25^5+$AP$21*AS25^4+$AQ$21*AS25^3+$AR$21*AS25^2+$AS$21*AS25+$AT$21 -> 0.80836003
U27: X (in.) | V27: Y Esfuerzo lbf/in2 | AE27: X (in.) | AF27: Y Esfuerzo lbf/in2 | AO27: X (in.) | AP27: Y Esfuerzo lbf/in2
A28: C.B.R. (0.10 in) 56 Golpes (%): | E28: =+W55 -> 0.083166497 | I28: C.B.R. (0.10 in) 25 Golpes (%): | L28: =+Z55 -> 0.083166497 | N28: C.B.R. (0.10 in) 10 Golpes (%): | Q28: =+AC55 -> 0.083166497 | S28: AL 1% | W28: Xi2 | X28: Xi3 | Y28: Xi4 | Z28: Xi5 | AA28: Xi6 | AB28: XiYi | AC28: Xi2Yi | AD28: Xi3Yi | AG28: Xi2 | AH28: Xi3 | AI28: Xi4 | AJ28: Xi5 | AK28: Xi6 | AL28: XiYi | AM28: Xi2Yi | AN28: Xi3Yi | AQ28: Xi2 | AR28: Xi3 | AS28: Xi4 | AT28: Xi5 | AU28: Xi6 | AV28: XiYi | AW28: Xi2Yi | AX28: Xi3Yi
A29: C.B.R. (0.20 in) 56 Golpes (%): | E29: =+W56 -> 0.053890668 | I29: C.B.R. (0.20 in) 25 Golpes (%): | L29: =+Z56 -> 0.053890668 | N29: C.B.R. (0.20 in) 10 Golpes (%): | Q29: =+AC56 -> 0.053890668 | S29: AL 1% | U29: =IF(Y11="SI",Y16,0) -> 0 | V29: =+Y15 -> 0 | W29: =IF(U29="","",U29^2) -> 0 | X29: =IF(U29="","",U29^3) -> 0 | Y29: =IF(U29="","",U29^4) -> 0 | Z29: =IF(U29="","",U29^5) -> 0 | AA29: =IF(U29="","",U29^6) -> 0 | AB29: =IF(U29="","",U29*V29) -> 0 | AC29: =IF(U29="","",U29^2*V29) -> 0 | AD29: =IF(U29="","",U29^3*V29) -> 0 | AE29: =IF(AI11="SI",AI16,0) -> 0 | AF29: =+AI15 -> 0 | AG29: =IF(AE29="","",AE29^2) -> 0 | AH29: =IF(AE29="","",AE29^3) -> 0 | AI29: =IF(AE29="","",AE29^4) -> 0 | AJ29: =IF(AE29="","",AE29^5) -> 0 | AK29: =IF(AE29="","",AE29^6) -> 0 | AL29: =IF(AE29="","",AE29*AF29) -> 0 | AM29: =IF(AE29="","",AE29^2*AF29) -> 0 | AN29: =IF(AE29="","",AE29^3*AF29) -> 0 | AO29: =IF(AS11="SI",AS16,0) -> 0 | AP29: =+AS15 -> 0 | AQ29: =IF(AO29="","",AO29^2) -> 0 | AR29: =IF(AO29="","",AO29^3) -> 0 | AS29: =IF(AO29="","",AO29^4) -> 0 | AT29: =IF(AO29="","",AO29^5) -> 0 | AU29: =IF(AO29="","",AO29^6) -> 0 | AV29: =IF(AO29="","",AO29*AP29) -> 0 | AW29: =IF(AO29="","",AO29^2*AP29) -> 0 | AX29: =IF(AO29="","",AO29^3*AP29) -> 0
A30: Peso unitario seco (kN/m3) : | E30: =+DATOS!E24 -> #N/A | I30: Peso unitario seco (kN/m3) : | L30: =+DATOS!I24 -> #N/A | N30: Peso unitario seco (kN/m3) : | Q30: =+DATOS!M24 -> #N/A | S30: 4 CIFRAS | U30: =+DATOS!A45 -> 0.025 | V30: =+DATOS!G45 -> 0.78855422 | W30: =IF(U30="","",U30^2) -> 0.000625 | X30: =IF(U30="","",U30^3) -> 1.5625e-05 | Y30: =IF(U30="","",U30^4) -> 3.90625e-07 | Z30: =IF(U30="","",U30^5) -> 9.765625e-09 | AA30: =IF(U30="","",U30^6) -> 2.4414063e-10 | AB30: =IF(U30="","",U30*V30) -> 0.019713856 | AC30: =IF(U30="","",U30^2*V30) -> 0.00049284639 | AD30: =IF(U30="","",U30^3*V30) -> 1.232116e-05 | AE30: =+DATOS!A45 -> 0.025 | AF30: =+DATOS!K45 -> 0.78855422 | AG30: =IF(AE30="","",AE30^2) -> 0.000625 | AH30: =IF(AE30="","",AE30^3) -> 1.5625e-05 | AI30: =IF(AE30="","",AE30^4) -> 3.90625e-07 | AJ30: =IF(AE30="","",AE30^5) -> 9.765625e-09 | AK30: =IF(AE30="","",AE30^6) -> 2.4414063e-10 | AL30: =IF(AE30="","",AE30*AF30) -> 0.019713856 | AM30: =IF(AE30="","",AE30^2*AF30) -> 0.00049284639 | AN30: =IF(AE30="","",AE30^3*AF30) -> 1.232116e-05 | AO30: =+DATOS!A45 -> 0.025 | AP30: =+DATOS!O45 -> 0.78855422 | AQ30: =IF(AO30="","",AO30^2) -> 0.000625 | AR30: =IF(AO30="","",AO30^3) -> 1.5625e-05 | AS30: =IF(AO30="","",AO30^4) -> 3.90625e-07 | AT30: =IF(AO30="","",AO30^5) -> 9.765625e-09 | AU30: =IF(AO30="","",AO30^6) -> 2.4414063e-10 | AV30: =IF(AO30="","",AO30*AP30) -> 0.019713856 | AW30: =IF(AO30="","",AO30^2*AP30) -> 0.00049284639 | AX30: =IF(AO30="","",AO30^3*AP30) -> 1.232116e-05
U31: =+DATOS!A46 -> 0.05 | V31: =+DATOS!G46 -> 0.78855422 | W31: =IF(U31="","",U31^2) -> 0.0025 | X31: =IF(U31="","",U31^3) -> 0.000125 | Y31: =IF(U31="","",U31^4) -> 6.25e-06 | Z31: =IF(U31="","",U31^5) -> 3.125e-07 | AA31: =IF(U31="","",U31^6) -> 1.5625e-08 | AB31: =IF(U31="","",U31*V31) -> 0.039427711 | AC31: =IF(U31="","",U31^2*V31) -> 0.0019713856 | AD31: =IF(U31="","",U31^3*V31) -> 9.8569278e-05 | AE31: =+DATOS!A46 -> 0.05 | AF31: =+DATOS!K46 -> 0.78855422 | AG31: =IF(AE31="","",AE31^2) -> 0.0025 | AH31: =IF(AE31="","",AE31^3) -> 0.000125 | AI31: =IF(AE31="","",AE31^4) -> 6.25e-06 | AJ31: =IF(AE31="","",AE31^5) -> 3.125e-07 | AK31: =IF(AE31="","",AE31^6) -> 1.5625e-08 | AL31: =IF(AE31="","",AE31*AF31) -> 0.039427711 | AM31: =IF(AE31="","",AE31^2*AF31) -> 0.0019713856 | AN31: =IF(AE31="","",AE31^3*AF31) -> 9.8569278e-05 | AO31: =+DATOS!A46 -> 0.05 | AP31: =+DATOS!O46 -> 0.78855422 | AQ31: =IF(AO31="","",AO31^2) -> 0.0025 | AR31: =IF(AO31="","",AO31^3) -> 0.000125 | AS31: =IF(AO31="","",AO31^4) -> 6.25e-06 | AT31: =IF(AO31="","",AO31^5) -> 3.125e-07 | AU31: =IF(AO31="","",AO31^6) -> 1.5625e-08 | AV31: =IF(AO31="","",AO31*AP31) -> 0.039427711 | AW31: =IF(AO31="","",AO31^2*AP31) -> 0.0019713856 | AX31: =IF(AO31="","",AO31^3*AP31) -> 9.8569278e-05
U32: =+DATOS!A47 -> 0.075 | V32: =+DATOS!G47 -> 0.78855422 | W32: =IF(U32="","",U32^2) -> 0.005625 | X32: =IF(U32="","",U32^3) -> 0.000421875 | Y32: =IF(U32="","",U32^4) -> 3.1640625e-05 | Z32: =IF(U32="","",U32^5) -> 2.3730469e-06 | AA32: =IF(U32="","",U32^6) -> 1.7797852e-07 | AB32: =IF(U32="","",U32*V32) -> 0.059141567 | AC32: =IF(U32="","",U32^2*V32) -> 0.0044356175 | AD32: =IF(U32="","",U32^3*V32) -> 0.00033267131 | AE32: =+DATOS!A47 -> 0.075 | AF32: =+DATOS!K47 -> 0.78855422 | AG32: =IF(AE32="","",AE32^2) -> 0.005625 | AH32: =IF(AE32="","",AE32^3) -> 0.000421875 | AI32: =IF(AE32="","",AE32^4) -> 3.1640625e-05 | AJ32: =IF(AE32="","",AE32^5) -> 2.3730469e-06 | AK32: =IF(AE32="","",AE32^6) -> 1.7797852e-07 | AL32: =IF(AE32="","",AE32*AF32) -> 0.059141567 | AM32: =IF(AE32="","",AE32^2*AF32) -> 0.0044356175 | AN32: =IF(AE32="","",AE32^3*AF32) -> 0.00033267131 | AO32: =+DATOS!A47 -> 0.075 | AP32: =+DATOS!O47 -> 0.78855422 | AQ32: =IF(AO32="","",AO32^2) -> 0.005625 | AR32: =IF(AO32="","",AO32^3) -> 0.000421875 | AS32: =IF(AO32="","",AO32^4) -> 3.1640625e-05 | AT32: =IF(AO32="","",AO32^5) -> 2.3730469e-06 | AU32: =IF(AO32="","",AO32^6) -> 1.7797852e-07 | AV32: =IF(AO32="","",AO32*AP32) -> 0.059141567 | AW32: =IF(AO32="","",AO32^2*AP32) -> 0.0044356175 | AX32: =IF(AO32="","",AO32^3*AP32) -> 0.00033267131
N33: PESO UNITARIO SECO 100%: | O33: =+'INFORME-1'!F25 -> 0 | P33: kN/m3 | U33: =+DATOS!A48 -> 0.1 | V33: =+DATOS!G48 -> 0.78855422 | W33: =IF(U33="","",U33^2) -> 0.01 | X33: =IF(U33="","",U33^3) -> 0.001 | Y33: =IF(U33="","",U33^4) -> 0.0001 | Z33: =IF(U33="","",U33^5) -> 1e-05 | AA33: =IF(U33="","",U33^6) -> 1e-06 | AB33: =IF(U33="","",U33*V33) -> 0.078855422 | AC33: =IF(U33="","",U33^2*V33) -> 0.0078855422 | AD33: =IF(U33="","",U33^3*V33) -> 0.00078855422 | AE33: =+DATOS!A48 -> 0.1 | AF33: =+DATOS!K48 -> 0.78855422 | AG33: =IF(AE33="","",AE33^2) -> 0.01 | AH33: =IF(AE33="","",AE33^3) -> 0.001 | AI33: =IF(AE33="","",AE33^4) -> 0.0001 | AJ33: =IF(AE33="","",AE33^5) -> 1e-05 | AK33: =IF(AE33="","",AE33^6) -> 1e-06 | AL33: =IF(AE33="","",AE33*AF33) -> 0.078855422 | AM33: =IF(AE33="","",AE33^2*AF33) -> 0.0078855422 | AN33: =IF(AE33="","",AE33^3*AF33) -> 0.00078855422 | AO33: =+DATOS!A48 -> 0.1 | AP33: =+DATOS!O48 -> 0.78855422 | AQ33: =IF(AO33="","",AO33^2) -> 0.01 | AR33: =IF(AO33="","",AO33^3) -> 0.001 | AS33: =IF(AO33="","",AO33^4) -> 0.0001 | AT33: =IF(AO33="","",AO33^5) -> 1e-05 | AU33: =IF(AO33="","",AO33^6) -> 1e-06 | AV33: =IF(AO33="","",AO33*AP33) -> 0.078855422 | AW33: =IF(AO33="","",AO33^2*AP33) -> 0.0078855422 | AX33: =IF(AO33="","",AO33^3*AP33) -> 0.00078855422
N34: PESO UNITARIO SECO 95%: | O34: =+O33*0.95 -> 0 | P34: kN/m3 | U34: =+DATOS!A49 -> 0.125 | V34: =+DATOS!G49 -> 0.78855422 | W34: =IF(U34="","",U34^2) -> 0.015625 | X34: =IF(U34="","",U34^3) -> 0.001953125 | Y34: =IF(U34="","",U34^4) -> 0.00024414062 | Z34: =IF(U34="","",U34^5) -> 3.0517578e-05 | AA34: =IF(U34="","",U34^6) -> 3.8146973e-06 | AB34: =IF(U34="","",U34*V34) -> 0.098569278 | AC34: =IF(U34="","",U34^2*V34) -> 0.01232116 | AD34: =IF(U34="","",U34^3*V34) -> 0.001540145 | AE34: =+DATOS!A49 -> 0.125 | AF34: =+DATOS!K49 -> 0.78855422 | AG34: =IF(AE34="","",AE34^2) -> 0.015625 | AH34: =IF(AE34="","",AE34^3) -> 0.001953125 | AI34: =IF(AE34="","",AE34^4) -> 0.00024414062 | AJ34: =IF(AE34="","",AE34^5) -> 3.0517578e-05 | AK34: =IF(AE34="","",AE34^6) -> 3.8146973e-06 | AL34: =IF(AE34="","",AE34*AF34) -> 0.098569278 | AM34: =IF(AE34="","",AE34^2*AF34) -> 0.01232116 | AN34: =IF(AE34="","",AE34^3*AF34) -> 0.001540145 | AO34: =+DATOS!A49 -> 0.125 | AP34: =+DATOS!O49 -> 0.78855422 | AQ34: =IF(AO34="","",AO34^2) -> 0.015625 | AR34: =IF(AO34="","",AO34^3) -> 0.001953125 | AS34: =IF(AO34="","",AO34^4) -> 0.00024414062 | AT34: =IF(AO34="","",AO34^5) -> 3.0517578e-05 | AU34: =IF(AO34="","",AO34^6) -> 3.8146973e-06 | AV34: =IF(AO34="","",AO34*AP34) -> 0.098569278 | AW34: =IF(AO34="","",AO34^2*AP34) -> 0.01232116 | AX34: =IF(AO34="","",AO34^3*AP34) -> 0.001540145
N35: C.B.R. (100% P.U.S.) 0.10 in : | O35: =ROUND(IF(E30<O33,E28,(O33-E30)*(L28-E28)/(L30-E30)+E28),2) -> #N/A | P35: % | U35: =+DATOS!A50 -> 0.15 | V35: =+DATOS!G50 -> 0.78855422 | W35: =IF(U35="","",U35^2) -> 0.0225 | X35: =IF(U35="","",U35^3) -> 0.003375 | Y35: =IF(U35="","",U35^4) -> 0.00050625 | Z35: =IF(U35="","",U35^5) -> 7.59375e-05 | AA35: =IF(U35="","",U35^6) -> 1.1390625e-05 | AB35: =IF(U35="","",U35*V35) -> 0.11828313 | AC35: =IF(U35="","",U35^2*V35) -> 0.01774247 | AD35: =IF(U35="","",U35^3*V35) -> 0.0026613705 | AE35: =+DATOS!A50 -> 0.15 | AF35: =+DATOS!K50 -> 0.78855422 | AG35: =IF(AE35="","",AE35^2) -> 0.0225 | AH35: =IF(AE35="","",AE35^3) -> 0.003375 | AI35: =IF(AE35="","",AE35^4) -> 0.00050625 | AJ35: =IF(AE35="","",AE35^5) -> 7.59375e-05 | AK35: =IF(AE35="","",AE35^6) -> 1.1390625e-05 | AL35: =IF(AE35="","",AE35*AF35) -> 0.11828313 | AM35: =IF(AE35="","",AE35^2*AF35) -> 0.01774247 | AN35: =IF(AE35="","",AE35^3*AF35) -> 0.0026613705 | AO35: =+DATOS!A50 -> 0.15 | AP35: =+DATOS!O50 -> 0.78855422 | AQ35: =IF(AO35="","",AO35^2) -> 0.0225 | AR35: =IF(AO35="","",AO35^3) -> 0.003375 | AS35: =IF(AO35="","",AO35^4) -> 0.00050625 | AT35: =IF(AO35="","",AO35^5) -> 7.59375e-05 | AU35: =IF(AO35="","",AO35^6) -> 1.1390625e-05 | AV35: =IF(AO35="","",AO35*AP35) -> 0.11828313 | AW35: =IF(AO35="","",AO35^2*AP35) -> 0.01774247 | AX35: =IF(AO35="","",AO35^3*AP35) -> 0.0026613705
N36: C.B.R. (95% P.U.S.) 0.10 in : | O36: =ROUND(IF(Q30>O34,Q28,(O34-L30)*(Q28-L28)/(Q30-L30)+L28),2) -> #N/A | P36: % | U36: =+DATOS!A51 -> 0.175 | V36: =+DATOS!G51 -> 0.78855422 | W36: =IF(U36="","",U36^2) -> 0.030625 | X36: =IF(U36="","",U36^3) -> 0.005359375 | Y36: =IF(U36="","",U36^4) -> 0.00093789062 | Z36: =IF(U36="","",U36^5) -> 0.00016413086 | AA36: =IF(U36="","",U36^6) -> 2.87229e-05 | AB36: =IF(U36="","",U36*V36) -> 0.13799699 | AC36: =IF(U36="","",U36^2*V36) -> 0.024149473 | AD36: =IF(U36="","",U36^3*V36) -> 0.0042261578 | AE36: =+DATOS!A51 -> 0.175 | AF36: =+DATOS!K51 -> 0.78855422 | AG36: =IF(AE36="","",AE36^2) -> 0.030625 | AH36: =IF(AE36="","",AE36^3) -> 0.005359375 | AI36: =IF(AE36="","",AE36^4) -> 0.00093789062 | AJ36: =IF(AE36="","",AE36^5) -> 0.00016413086 | AK36: =IF(AE36="","",AE36^6) -> 2.87229e-05 | AL36: =IF(AE36="","",AE36*AF36) -> 0.13799699 | AM36: =IF(AE36="","",AE36^2*AF36) -> 0.024149473 | AN36: =IF(AE36="","",AE36^3*AF36) -> 0.0042261578 | AO36: =+DATOS!A51 -> 0.175 | AP36: =+DATOS!O51 -> 0.78855422 | AQ36: =IF(AO36="","",AO36^2) -> 0.030625 | AR36: =IF(AO36="","",AO36^3) -> 0.005359375 | AS36: =IF(AO36="","",AO36^4) -> 0.00093789062 | AT36: =IF(AO36="","",AO36^5) -> 0.00016413086 | AU36: =IF(AO36="","",AO36^6) -> 2.87229e-05 | AV36: =IF(AO36="","",AO36*AP36) -> 0.13799699 | AW36: =IF(AO36="","",AO36^2*AP36) -> 0.024149473 | AX36: =IF(AO36="","",AO36^3*AP36) -> 0.0042261578
N37: C.B.R. (100% P.U.S.) 0.20 in : | O37: =ROUND(IF(E30<O33,E29,(O33-E30)*(L29-E29)/(L30-E30)+E29),2) -> #N/A | P37: % | U37: =+DATOS!A52 -> 0.2 | V37: =+DATOS!G52 -> 0.78855422 | W37: =IF(U37="","",U37^2) -> 0.04 | X37: =IF(U37="","",U37^3) -> 0.008 | Y37: =IF(U37="","",U37^4) -> 0.0016 | Z37: =IF(U37="","",U37^5) -> 0.00032 | AA37: =IF(U37="","",U37^6) -> 6.4e-05 | AB37: =IF(U37="","",U37*V37) -> 0.15771084 | AC37: =IF(U37="","",U37^2*V37) -> 0.031542169 | AD37: =IF(U37="","",U37^3*V37) -> 0.0063084338 | AE37: =+DATOS!A52 -> 0.2 | AF37: =+DATOS!K52 -> 0.78855422 | AG37: =IF(AE37="","",AE37^2) -> 0.04 | AH37: =IF(AE37="","",AE37^3) -> 0.008 | AI37: =IF(AE37="","",AE37^4) -> 0.0016 | AJ37: =IF(AE37="","",AE37^5) -> 0.00032 | AK37: =IF(AE37="","",AE37^6) -> 6.4e-05 | AL37: =IF(AE37="","",AE37*AF37) -> 0.15771084 | AM37: =IF(AE37="","",AE37^2*AF37) -> 0.031542169 | AN37: =IF(AE37="","",AE37^3*AF37) -> 0.0063084338 | AO37: =+DATOS!A52 -> 0.2 | AP37: =+DATOS!O52 -> 0.78855422 | AQ37: =IF(AO37="","",AO37^2) -> 0.04 | AR37: =IF(AO37="","",AO37^3) -> 0.008 | AS37: =IF(AO37="","",AO37^4) -> 0.0016 | AT37: =IF(AO37="","",AO37^5) -> 0.00032 | AU37: =IF(AO37="","",AO37^6) -> 6.4e-05 | AV37: =IF(AO37="","",AO37*AP37) -> 0.15771084 | AW37: =IF(AO37="","",AO37^2*AP37) -> 0.031542169 | AX37: =IF(AO37="","",AO37^3*AP37) -> 0.0063084338
N38: C.B.R. (95% P.U.S.) 0.20 in : | O38: =ROUND(IF(L30<O34,L29,(O34-L30)*(Q29-L29)/(Q30-L30)+L29),2) -> #N/A | P38: % | U38: =+DATOS!A53 -> 0.3 | V38: =+DATOS!G53 -> 0.78855422 | W38: =IF(U38="","",U38^2) -> 0.09 | X38: =IF(U38="","",U38^3) -> 0.027 | Y38: =IF(U38="","",U38^4) -> 0.0081 | Z38: =IF(U38="","",U38^5) -> 0.00243 | AA38: =IF(U38="","",U38^6) -> 0.000729 | AB38: =IF(U38="","",U38*V38) -> 0.23656627 | AC38: =IF(U38="","",U38^2*V38) -> 0.07096988 | AD38: =IF(U38="","",U38^3*V38) -> 0.021290964 | AE38: =+DATOS!A53 -> 0.3 | AF38: =+DATOS!K53 -> 0.78855422 | AG38: =IF(AE38="","",AE38^2) -> 0.09 | AH38: =IF(AE38="","",AE38^3) -> 0.027 | AI38: =IF(AE38="","",AE38^4) -> 0.0081 | AJ38: =IF(AE38="","",AE38^5) -> 0.00243 | AK38: =IF(AE38="","",AE38^6) -> 0.000729 | AL38: =IF(AE38="","",AE38*AF38) -> 0.23656627 | AM38: =IF(AE38="","",AE38^2*AF38) -> 0.07096988 | AN38: =IF(AE38="","",AE38^3*AF38) -> 0.021290964 | AO38: =+DATOS!A53 -> 0.3 | AP38: =+DATOS!O53 -> 0.78855422 | AQ38: =IF(AO38="","",AO38^2) -> 0.09 | AR38: =IF(AO38="","",AO38^3) -> 0.027 | AS38: =IF(AO38="","",AO38^4) -> 0.0081 | AT38: =IF(AO38="","",AO38^5) -> 0.00243 | AU38: =IF(AO38="","",AO38^6) -> 0.000729 | AV38: =IF(AO38="","",AO38*AP38) -> 0.23656627 | AW38: =IF(AO38="","",AO38^2*AP38) -> 0.07096988 | AX38: =IF(AO38="","",AO38^3*AP38) -> 0.021290964
U39: =+DATOS!A54 -> 0.4 | V39: =+DATOS!G54 -> 0.78855422 | W39: =IF(U39="","",U39^2) -> 0.16 | X39: =IF(U39="","",U39^3) -> 0.064 | Y39: =IF(U39="","",U39^4) -> 0.0256 | Z39: =IF(U39="","",U39^5) -> 0.01024 | AA39: =IF(U39="","",U39^6) -> 0.004096 | AB39: =IF(U39="","",U39*V39) -> 0.31542169 | AC39: =IF(U39="","",U39^2*V39) -> 0.12616868 | AD39: =IF(U39="","",U39^3*V39) -> 0.05046747 | AE39: =+DATOS!A54 -> 0.4 | AF39: =+DATOS!K54 -> 0.78855422 | AG39: =IF(AE39="","",AE39^2) -> 0.16 | AH39: =IF(AE39="","",AE39^3) -> 0.064 | AI39: =IF(AE39="","",AE39^4) -> 0.0256 | AJ39: =IF(AE39="","",AE39^5) -> 0.01024 | AK39: =IF(AE39="","",AE39^6) -> 0.004096 | AL39: =IF(AE39="","",AE39*AF39) -> 0.31542169 | AM39: =IF(AE39="","",AE39^2*AF39) -> 0.12616868 | AN39: =IF(AE39="","",AE39^3*AF39) -> 0.05046747 | AO39: =+DATOS!A54 -> 0.4 | AP39: =+DATOS!O54 -> 0.78855422 | AQ39: =IF(AO39="","",AO39^2) -> 0.16 | AR39: =IF(AO39="","",AO39^3) -> 0.064 | AS39: =IF(AO39="","",AO39^4) -> 0.0256 | AT39: =IF(AO39="","",AO39^5) -> 0.01024 | AU39: =IF(AO39="","",AO39^6) -> 0.004096 | AV39: =IF(AO39="","",AO39*AP39) -> 0.31542169 | AW39: =IF(AO39="","",AO39^2*AP39) -> 0.12616868 | AX39: =IF(AO39="","",AO39^3*AP39) -> 0.05046747
U40: =SUM(U29:U39) -> 1.6 | V40: =SUM(V29:V39) -> 7.8855422 | W40: =SUM(W29:W39) -> 0.3775 | X40: =SUM(X29:X39) -> 0.11125 | Y40: =SUM(Y29:Y39) -> 0.037126563 | Z40: =SUM(Z29:Z39) -> 0.013273281 | AA40: =SUM(AA29:AA39) -> 0.0049341221 | AB40: =SUM(AB29:AB39) -> 1.2616868 | ... AX40: =SUM(AX29:AX39) -> 0.087726657
U42: =COUNT(U29:U39) -> 11 | V42: =+U40 -> 1.6 | W42: =+W40 -> 0.3775 | X42: =+X40 -> 0.11125 | Y42: =+V40 -> 7.8855422 | AA42: Cte. | AB42: {=MMULT(U47:X50,Y47:Y50)} -> 0.27517333 | AE42: =COUNT(AE29:AE39) -> 11 | AF42: =+AE40 -> 1.6 | AG42: =+AG40 -> 0.3775 | AH42: =+AH40 -> 0.11125 | AI42: =+AF40 -> 7.8855422 | AK42: Cte. | AL42: {=MMULT(AE47:AH50,AI47:AI50)} -> 0.27517333 | AO42: =COUNT(AO29:AO39) -> 11 | AP42: =+AO40 -> 1.6 | AQ42: =+AQ40 -> 0.3775 | AR42: =+AR40 -> 0.11125 | AS42: =+AP40 -> 7.8855422 | AU42: Cte. | AV42: {=MMULT(AO47:AR50,AS47:AS50)} -> 0.27517333
U43: =+U40 -> 1.6 | V43: =+W40 -> 0.3775 | W43: =+X40 -> 0.11125 | X43: =+Y40 -> 0.037126563 | Y43: =+AB40 -> 1.2616868 | AA43: X | AB43: 9.970604 | AC43: =+AB43 -> 9.970604 | AE43: =+AE40 -> 1.6 | AF43: =+AG40 -> 0.3775 | AG43: =+AH40 -> 0.11125 | AH43: =+AI40 -> 0.037126563 | AI43: =+AL40 -> 1.2616868 | AK43: X | AL43: 9.970604 | AM43: =+AL43 -> 9.970604 | AO43: =+AO40 -> 1.6 | AP43: =+AQ40 -> 0.3775 | AQ43: =+AR40 -> 0.11125 | AR43: =+AS40 -> 0.037126563 | AS43: =+AV40 -> 1.2616868 | AU43: X | AV43: 9.970604 | AW43: =+AV43 -> 9.970604
U44: =+W40 -> 0.3775 | V44: =+X40 -> 0.11125 | W44: =+Y40 -> 0.037126563 | X44: =+Z40 -> 0.013273281 | Y44: =+AC40 -> 0.29767922 | AA44: X2 | AB44: -51.5904 | AC44: =2*AB44 -> -103.1808 | AE44: =+AG40 -> 0.3775 | AF44: =+AH40 -> 0.11125 | AG44: =+AI40 -> 0.037126563 | AH44: =+AJ40 -> 0.013273281 | AI44: =+AM40 -> 0.29767922 | AK44: X2 | AL44: -51.5904 | AM44: =2*AL44 -> -103.1808 | AO44: =+AQ40 -> 0.3775 | AP44: =+AR40 -> 0.11125 | AQ44: =+AS40 -> 0.037126563 | AR44: =+AT40 -> 0.013273281 | AS44: =+AW40 -> 0.29767922 | AU44: X2 | AV44: -51.5904 | AW44: =2*AV44 -> -103.1808
A45: Nota: | U45: =+X40 -> 0.11125 | V45: =+Y40 -> 0.037126563 | W45: =+Z40 -> 0.013273281 | X45: =+AA40 -> 0.0049341221 | Y45: =+AD40 -> 0.087726657 | AA45: X3 | AB45: 75.335239 | AC45: =3*AB45 -> 226.00572 | AE45: =+AH40 -> 0.11125 | AF45: =+AI40 -> 0.037126563 | AG45: =+AJ40 -> 0.013273281 | AH45: =+AK40 -> 0.0049341221 | AI45: =+AN40 -> 0.087726657 | AK45: X3 | AL45: 75.335239 | AM45: =3*AL45 -> 226.00572 | AO45: =+AR40 -> 0.11125 | AP45: =+AS40 -> 0.037126563 | AQ45: =+AT40 -> 0.013273281 | AR45: =+AU40 -> 0.0049341221 | AS45: =+AX40 -> 0.087726657 | AU45: X3 | AV45: 75.335239 | AW45: =3*AV45 -> 226.00572
A46: - Los datos de identificación de la muestra son proporcionados por el cliente.
A47: - Los resultados corresponden sólo a los ensayos realizados sobre la muestra proporcionada por el cliente. | U47: {=MINVERSE(U42:X45)} -> 0.6510407 | V47: -12.644158 | W47: 65.424037 | X47: -95.535902 | Y47: =+Y42 -> 7.8855422 | AE47: {=MINVERSE(AE42:AH45)} -> 0.6510407 | AF47: -12.644158 | AG47: 65.424037 | AH47: -95.535902 | AI47: =+AI42 -> 7.8855422 | AO47: {=MINVERSE(AO42:AR45)} -> 0.6510407 | AP47: -12.644158 | AQ47: 65.424037 | AR47: -95.535902 | AS47: =+AS42 -> 7.8855422
A48: - Los resultados de los ensayos no deben ser utilizados como una certificación de conformidad con normas de productos o como certificado del sistema de calidad de Geofal SAC. | U48: -12.644158 | V48: 388.09011 | W48: -2412.3085 | X48: 3854.2743 | Y48: =+Y43 -> 1.2616868 | AE48: -12.644158 | AF48: 388.09011 | AG48: -2412.3085 | AH48: 3854.2743 | AI48: =+AI43 -> 1.2616868 | AO48: -12.644158 | AP48: 388.09011 | AQ48: -2412.3085 | AR48: 3854.2743 | AS48: =+AS43 -> 1.2616868
A49: - Prohibida la reproducción total o parcial del presente informe de ensayo sin la autorización escrita de Geofal S.A.C. | U49: 65.424037 | V49: -2412.3085 | W49: 16424.182 | X49: -27506.511 | Y49: =+Y44 -> 0.29767922 | AE49: 65.424037 | AF49: -2412.3085 | AG49: 16424.182 | AH49: -27506.511 | AI49: =+AI44 -> 0.29767922 | AO49: 65.424037 | AP49: -2412.3085 | AQ49: 16424.182 | AR49: -27506.511 | AS49: =+AS44 -> 0.29767922
A50: - Este informe de ensayo, al estar en el marco de la acreditación del INACAL - DA, se encuentra dentro del ámbito de reconocimiento multilateral/mutuo de los miembros firmantes de IAAC e ILAC. | U50: -95.535902 | V50: 3854.2743 | W50: -27506.511 | X50: 47350.687 | Y50: =+Y45 -> 0.087726657 | AE50: -95.535902 | AF50: 3854.2743 | AG50: -27506.511 | AH50: 47350.687 | AI50: =+AI45 -> 0.087726657 | AO50: -95.535902 | AP50: 3854.2743 | AQ50: -27506.511 | AR50: 47350.687 | AS50: =+AS45 -> 0.087726657
U53: 56 golpes % con Corrección | X53: 25 golpes % con Corrección | AA53: 12 golpes % con Corrección
U54: Pulg. | V54: Esfuerzo corregido | W54: % | X54: Pulg. | Y54: Esfuerzo corregido | Z54: % | AA54: Pulg. | AB54: Esfuerzo corregido | AC54: %
U55: 1" | V55: =+Z24 -> 0.83166497 | W55: =V55/1000*100 -> 0.083166497 | X55: 1" | Y55: =+AJ24 -> 0.83166497 | Z55: =Y55/1000*100 -> 0.083166497 | AA55: 1" | AB55: =+AT24 -> 0.83166497 | AC55: =AB55/1000*100 -> 0.083166497
U56: 2" | V56: =+Z25 -> 0.80836003 | W56: =V56/1500*100 -> 0.053890668 | X56: 2" | Y56: =+AJ25 -> 0.80836003 | Z56: =Y56/1500*100 -> 0.053890668 | AA56: 2" | AB56: =+AT25 -> 0.80836003 | AC56: =AB56/1500*100 -> 0.053890668
U58: 0.1" | V58: 56 golpe | W58: 25 golpe | X58: 10 golpe
A59: Página 2 de 2 | U59: y | V59: =+W55 -> 0.083166497 | W59: =+Z55 -> 0.083166497 | X59: =+AC55 -> 0.083166497 | Y59: CBR (lbf/in2)
A60: Versión: 02 (05-10-2024) | R60: Fin del Informe | U60: X | V60: =+E30 -> #N/A | W60: =+L30 -> #N/A | X60: =+Q30 -> #N/A | Y60: DENSIDAD lbf/ft3
U61: 0.2"
U62: Y | V62: =+W56 -> 0.053890668 | W62: =+Z56 -> 0.053890668 | X62: =+AC56 -> 0.053890668 | Y62: CBR
U63: X | V63: =+V60 -> #N/A | W63: =+W60 -> #N/A | X63: =+X60 -> #N/A | Y63: DENSIDAD

Sheet DATOS
A2: Personal Autorizado | D2: - | F2: =+FORMATO!K9 -> 0 | G2: Máxima Densidad Seca (kN/m3) | L2: BALANZA | O2: FECHA | Q2: DATOS DEL MOLDE | W2: Altura de la muestra (mm) | AA2: PISTON mm
A3: Tiene SUCS | D3: - | G3: Contenido de Humedad Óptimo (%) | L3: N° | M3: Corrección de Lectura | O3: calibracion | Q3: N° | R3: MASA (g) | S3: VOLUMEN (cm3) | T3: ALTURA (mm) | U3: DIAMETRO (mm) | W3: =+D17 -> 0 | X3: =+H17 -> +FORMATO!H24 | Y3: =+L17 -> 0 | AA3: CANT. | AB3: DIAMETRO
A4: Metodo de Compactación: | D4: - | G4: Porcentaje de retenido tamiz 3/4" | L4: 1 | M4: =+Balanza!C11 -> EQP-0054 | N4: =+Balanza!C7 -> -2.03e-05 | O4: =+Balanza!D12 -> 45799 | Q4: INS-173 | R4: 8178 | S4: 2122.2 | T4: 116.5 | U4: 152.295 | V4: 11 | W4: =LOOKUP(D17,Q4:Q21,T4:T21) -> #N/A | X4: =LOOKUP(H17,Q4:Q21,T4:T21) -> #N/A | Y4: =LOOKUP(L17,Q4:Q21,T4:T21) -> #N/A | AA4: 1 | AB4: 49.6
A5: Metodo de preparación: | D5: - | L5: 2 | M5: =+Balanza!M11 -> EQP-0046 | N5: =+Balanza!M7 -> -3.29e-06 | O5: =+Balanza!O12 -> 46132 | Q5: INS-174 | R5: 7715 | S5: 2119.4 | T5: 116.35 | U5: 152.295 | V5: 12 | AA5: 2 | AB5: 49.61
A6: Condición de la muestra | D6: - | Q6: INS-175 | R6: 8378 | S6: 2121.3 | T6: 116.62 | U6: 152.185 | V6: 13 | AA6: 3 | AB6: 49.6
L7: Correccion del dial | N7: 1 | Q7: 1 | R7: 7629 | S7: 2118.8 | T7: 116.27 | U7: 152.33 | AA7: 4 | AB7: 49.6
A8: Diámetro de pistón | C8: mm | D8: =+AB9+INCERT!D80 -> 49.603845 | Q8: 2 | R8: 7625.2 | S8: 2123.7 | T8: 116.23 | U8: 152.53 | AA8: 5 | AB8: 49.61
A9: Area de Pistón | C9: cm² | D9: =((D8^2)*PI()/4)/100 -> 19.325047 | Q9: 3 | R9: 7712.1 | S9: 2112.3 | T9: 116.12 | U9: 152.19 | AA9: PROMEDIO | AB9: =+AVERAGE(AB4:AB8) -> 49.604
A10: Temperatura Inicial-Compactación: | C10: ºC | D10: =+FORMATO!D25 -> 0 | F10: =+IF(AND(D10>18,D10<24),"conforme","Temperatura Fuera del rango") -> Temperatura Fuera del rango | Q10: 4 | R10: 7501.7 | S10: 2121.9 | T10: 116.33 | U10: 152.4
A11: Temperatura máxima Final-Compactación: | C11: ºC | D11: =+FORMATO!D26 -> 0 | F11: =+IF(AND(D11>18,D11<24),"conforme","Temperatura Fuera del rango") -> Temperatura Fuera del rango | Q11: 5 | R11: 7577.5 | S11: 2117.5 | T11: 116.31 | U11: 152.25 | V11: P
Q12: 6 | R12: 7277.4 | S12: 2121.33 | T12: 116.29 | U12: 152.4 | V12: M
Q13: 7 | R13: 7555.3 | S13: 2123.23 | T13: 116.39 | U13: 152.4 | V13: A
A14: DENSIDAD Y PESO UNITARIO SECO | Q14: 8 | R14: 7645.3 | S14: 2118.96 | T14: 116.15 | U14: 152.41 | V14: B
A15: Nº GOLPES | D15: 56 | H15: 25 | L15: 10 | Q15: 9 | R15: 7674 | S15: 2119.27 | T15: 116.22 | U15: 152.37 | V15: C
A16: Condicion de la muestra | D16: Sin Saturar | F16: Saturado | H16: Sin Saturar | J16: Saturado | L16: Sin Saturar | N16: Saturado | Q16: A | R16: 8105 | S16: 2125 | T16: 116.59 | U16: 152.335 | V16: C | W16: INS-200
A17: Código de molde | D17: =+FORMATO!D24 -> 0 | H17: =+FORMATO!H24 -> 0 | L17: =+FORMATO!L24 -> 0 | Q17: B | R17: 7581 | S17: 2126.1 | T17: 116.69 | U17: 152.315 | V17: C | W17: INS-201
A18: Masa de molde+suelo moldeado | C18: g | D18: =+FORMATO!D27 -> 0 | E18: =+D18+$N$4*D18 -> 0 | F18: =+FORMATO!F27 -> 0 | G18: =+F18+$N$4*F18 -> 0 | H18: =+FORMATO!H27 -> 0 | I18: =+H18+$N$4*H18 -> 0 | J18: =+FORMATO!J27 -> 0 | K18: =+J18+$N$4*J18 -> 0 | L18: =+FORMATO!L27 -> 0 | M18: =+L18+$N$4*L18 -> 0 | N18: =+FORMATO!O27 -> 0 | O18: =+N18+$N$4*N18 -> 0 | Q18: C | R18: 8171 | S18: 2124.6 | T18: 116.67 | U18: 152.27 | V18: C | W18: INS-202
A19: Masa de molde | C19: g | E19: =+LOOKUP($D$17,$Q$4:$Q$21,$R$4:$R$21) -> #N/A | G19: =+LOOKUP($D$17,$Q$4:$Q$21,$R$4:$R$21) -> #N/A | I19: =+LOOKUP($H$17,$Q$4:$Q$21,$R$4:$R$21) -> #N/A | K19: =+LOOKUP($H$17,$Q$4:$Q$21,$R$4:$R$21) -> #N/A | M19: =+LOOKUP($L$17,$Q$4:$Q$21,$R$4:$R$21) -> #N/A | O19: =+LOOKUP($L$17,$Q$4:$Q$21,$R$4:$R$21) -> #N/A | Q19: E | R19: 7844 | S19: 2126.1 | T19: 116.7 | U19: 152.305 | V19: C | W19: INS-203
A20: Contenido de humedad | C20: % | E20: =+E32 -> #DIV/0! | G20: =+G32 -> #DIV/0! | I20: =+I32 -> #DIV/0! | K20: =+K32 -> #DIV/0! | M20: =+M32 -> #DIV/0! | O20: =+O32 -> #DIV/0! | Q20: H | R20: 7874 | S20: 2127.8 | T20: 116.69 | U20: 152.375 | V20: C | W20: INS-204
A21: Masa seca del suelo compactado | C21: g | E21: =(E18-E19)/(1+(E20/100)) -> #N/A | G21: =(G18-G19)/(1+(G20/100)) -> #N/A | I21: =(I18-I19)/(1+(I20/100)) -> #N/A | K21: =(K18-K19)/(1+(K20/100)) -> #N/A | M21: =(M18-M19)/(1+(M20/100)) -> #N/A | O21: =(O18-O19)/(1+(O20/100)) -> #N/A | Q21: L | R21: 8010 | S21: 2125.8 | T21: 116.69 | U21: 152.3 | V21: C | W21: INS-205
A22: Volumen de molde | C22: cm3 | E22: =+LOOKUP($D$17,$Q$4:$Q$21,$S$4:$S$21) -> #N/A | G22: =+LOOKUP($D$17,$Q$4:$Q$21,$S$4:$S$21) -> #N/A | I22: =+LOOKUP($H$17,$Q$4:$Q$21,$S$4:$S$21) -> #N/A | K22: =+LOOKUP($H$17,$Q$4:$Q$21,$S$4:$S$21) -> #N/A | M22: =+LOOKUP($L$17,$Q$4:$Q$21,$S$4:$S$21) -> #N/A | O22: =+LOOKUP($L$17,$Q$4:$Q$21,$S$4:$S$21) -> #N/A
A23: Densidad seca | C23: g/cm3 | E23: =+E21/E22 -> #N/A | G23: =+G21/G22 -> #N/A | I23: =+I21/I22 -> #N/A | K23: =+K21/K22 -> #N/A | M23: =+M21/M22 -> #N/A | O23: =+O21/O22 -> #N/A
A24: Peso unitario seco | C24: kN/m3 | E24: =9.8066*E23 -> #N/A | G24: =9.8066*G23 -> #N/A | I24: =9.8066*I23 -> #N/A | K24: =9.8066*K23 -> #N/A | M24: =9.8066*M23 -> #N/A | O24: =9.8066*O23 -> #N/A
A25: DETERMINACION DE LA HUMEDAD DE COMPACTACION | Q25: =+J3-0.5 -> -0.5 | R25: =+J3+0.5 -> 0.5
A26: Código tara | C26: - | D26: =+FORMATO!D29 -> 0 | F26: =+FORMATO!F29 -> 0 | H26: =+FORMATO!H29 -> 0 | J26: =+FORMATO!J29 -> 0 | L26: =+FORMATO!L29 -> 0 | N26: =+FORMATO!O29 -> 0
A27: Masa de tara | C27: g | D27: =+FORMATO!D30 -> 0 | E27: =+D27+$N$5*D27 -> 0 | F27: =+FORMATO!F30 -> 0 | G27: =+F27+$N$5*F27 -> 0 | H27: =+FORMATO!H30 -> 0 | I27: =+H27+$N$5*H27 -> 0 | J27: =+FORMATO!J30 -> 0 | K27: =+J27+$N$5*J27 -> 0 | L27: =+FORMATO!L30 -> 0 | M27: =+L27+$N$5*L27 -> 0 | N27: =+FORMATO!O30 -> 0 | O27: =+N27+$N$5*N27 -> 0 | Q27: Masa minima humedad (g) | S27: 2500
A28: Masa de suelo húmedo + tara | C28: g | D28: =+FORMATO!D31 -> 0 | E28: =+D28+$N$5*D28 -> 0 | F28: =+FORMATO!F31 -> 0 | G28: =+F28+$N$5*F28 -> 0 | H28: =+FORMATO!H31 -> 0 | I28: =+H28+$N$5*H28 -> 0 | J28: =+FORMATO!J31 -> 0 | K28: =+J28+$N$5*J28 -> 0 | L28: =+FORMATO!L31 -> 0 | M28: =+L28+$N$5*L28 -> 0 | N28: =+FORMATO!O31 -> 0 | O28: =+N28+$N$5*N28 -> 0 | Q28: =+D26 -> 0 | R28: =+D28-D27 -> 0 | S28: =+IF(R28>$S$27,"cumple","no cumple") -> no cumple
A29: Masa de suelo seco + tara | C29: g | D29: =+FORMATO!D33 -> 0 | E29: =+D29+$N$5*D29 -> 0 | F29: =+FORMATO!F33 -> 0 | G29: =+F29+$N$5*F29 -> 0 | H29: =+FORMATO!H33 -> 0 | I29: =+H29+$N$5*H29 -> 0 | J29: =+FORMATO!J33 -> 0 | K29: =+J29+$N$5*J29 -> 0 | L29: =+FORMATO!L33 -> 0 | M29: =+L29+$N$5*L29 -> 0 | N29: =+FORMATO!O33 -> 0 | O29: =+N29+$N$5*N29 -> 0 | Q29: =+H26 -> 0 | R29: =+H28-H27 -> 0 | S29: =+IF(R29>$S$27,"cumple","no cumple") -> no cumple
A30: Masa de suelo seco + tara CONSTANTE | C30: g | D30: =+FORMATO!D34 -> 0 | E30: =+D30+$N$5*D30 -> 0 | F30: =+FORMATO!F34 -> 0 | G30: =+F30+$N$5*F30 -> 0 | H30: =+FORMATO!H34 -> 0 | I30: =+H30+$N$5*H30 -> 0 | J30: =+FORMATO!J34 -> 0 | K30: =+J30+$N$5*J30 -> 0 | L30: =+FORMATO!L34 -> 0 | M30: =+L30+$N$5*L30 -> 0 | N30: =+FORMATO!O34 -> 0 | O30: =+N30+$N$5*N30 -> 0 | Q30: =+L26 -> 0 | R30: =+L28-L27 -> 0 | S30: =+IF(R30>$S$27,"cumple","no cumple") -> no cumple
A31: Masa de agua | C31: g | E31: =+E28-E30 -> 0 | G31: =+G28-G30 -> 0 | I31: =+I28-I30 -> 0 | K31: =+K28-K30 -> 0 | M31: =+M28-M30 -> 0 | O31: =+O28-O30 -> 0
A32: Contenido de humedad | C32: % | E32: =+(E31/(E30-E27))*100 -> #DIV/0! | G32: =+(G31/(G30-G27))*100 -> #DIV/0! | I32: =+(I31/(I30-I27))*100 -> #DIV/0! | K32: =+(K31/(K30-K27))*100 -> #DIV/0! | M32: =+(M31/(M30-M27))*100 -> #DIV/0! | O32: =+(O31/(O30-O27))*100 -> #DIV/0!
A33: HINCHAMIENTO
A34: FECHA | B34: HORA | C34: TIEMPO | D34: DIAL (0.001 in) | F34: EXPANSION | H34: DIAL (0.001 in) | J34: EXPANSION | L34: DIAL (0.001 in) | N34: EXPANSION
C35: Hr. | F35: mm | G35: % | J35: mm | K35: % | N35: mm | O35: %
A36: 0 | B36: =IF(A36="","","11:00:00") -> 11:00:00 | C36: 0 | D36: =+FORMATO!O40 -> 0 | F36: =IF(D36="","",D36*0.001*2.54*10) -> 0 | G36: =IF(F36="","",F36/$W$4*100) -> #N/A | H36: =+FORMATO!P40 -> 0 | J36: =IF(H36="","",H36*0.001*2.54*10) -> 0 | K36: =IF(J36="","",J36/$W$4*100) -> #N/A | L36: =+FORMATO!Q40 -> 0 | N36: =IF(L36="","",L36*0.001*2.54*10) -> 0 | O36: =IF(N36="","",N36/$W$4*100) -> #N/A
A37: =IF(A36="","",1+A36) -> 1 | B37: =B36 -> 11:00:00 | C37: 24 | D37: =+FORMATO!O41 -> 0 | F37: =IF(D37="","",D37*0.001*2.54*10) -> 0 | G37: =IF(F37="","",F37/$W$4*100) -> #N/A | H37: =+FORMATO!P41 -> 0 | J37: =IF(H37="","",H37*0.001*2.54*10) -> 0 | K37: =IF(J37="","",J37/$W$4*100) -> #N/A | L37: =+FORMATO!Q41 -> 0 | N37: =IF(L37="","",L37*0.001*2.54*10) -> 0 | O37: =IF(N37="","",N37/$W$4*100) -> #N/A
A38: =IF(A37="","",1+A37) -> 2 | B38: =B37 -> 11:00:00 | C38: 48 | D38: =+FORMATO!O42 -> 0 | F38: =IF(D38="","",D38*0.001*2.54*10) -> 0 | G38: =IF(F38="","",F38/$W$4*100) -> #N/A | H38: =+FORMATO!P42 -> 0 | J38: =IF(H38="","",H38*0.001*2.54*10) -> 0 | K38: =IF(J38="","",J38/$W$4*100) -> #N/A | L38: =+FORMATO!Q42 -> 0 | N38: =IF(L38="","",L38*0.001*2.54*10) -> 0 | O38: =IF(N38="","",N38/$W$4*100) -> #N/A
A39: =IF(A38="","",1+A38) -> 3 | B39: =B38 -> 11:00:00 | C39: 72 | D39: =+FORMATO!O43 -> 0 | F39: =IF(D39="","",D39*0.001*2.54*10) -> 0 | G39: =IF(F39="","",F39/$W$4*100) -> #N/A | H39: =+FORMATO!P43 -> 0 | J39: =IF(H39="","",H39*0.001*2.54*10) -> 0 | K39: =IF(J39="","",J39/$W$4*100) -> #N/A | L39: =+FORMATO!Q43 -> 0 | N39: =IF(L39="","",L39*0.001*2.54*10) -> 0 | O39: =IF(N39="","",N39/$W$4*100) -> #N/A
A40: =IF(A39="","",1+A39) -> 4 | B40: =B39 -> 11:00:00 | C40: 96 | D40: =+FORMATO!O44 -> 0 | F40: =IF(D40="","",D40*0.001*2.54*10) -> 0 | G40: =IF(F40="","",F40/$W$4*100) -> #N/A | H40: =+FORMATO!P44 -> 0 | J40: =IF(H40="","",H40*0.001*2.54*10) -> 0 | K40: =IF(J40="","",J40/$W$4*100) -> #N/A | L40: =+FORMATO!Q44 -> 0 | N40: =IF(L40="","",L40*0.001*2.54*10) -> 0 | O40: =IF(N40="","",N40/$W$4*100) -> #N/A
A41: LECTURA DE PENETRACION
A42: Penetración | C42: Tension Estandar SS | D42: =+D15 -> 56 | H42: =+H15 -> 25 | L42: =+L15 -> 10
A43: (in.) | B43: (mm.) | C43: psi = lbf/in2 | D43: lectura Dial kg | E43: lectura corregida Dial kg | F43: Esfuerzo kg/cm2 | G43: Esfuerzo lbf/in2 | H43: lectura Dial kg | I43: lectura corregida Dial kg | J43: Esfuerzo kg/cm2 | K43: Esfuerzo lbf/in2 | L43: lectura Dial kg | M43: lectura corregida Dial kg | N43: Esfuerzo kg/cm2 | O43: Esfuerzo lbf/in2
A44: 0 | B44: 0 | D44: =+FORMATO!E40 -> 0 | E44: =+D44 -> 0 | F44: 0 | G44: 0 | H44: =+FORMATO!G40 -> 0 | I44: =+H44 -> 0 | J44: 0 | K44: 0 | L44: =+FORMATO!I40 -> 0 | M44: =+L44 -> 0 | N44: 0 | O44: 0 | Q44: A | R44: 1.071397
A45: 0.025 | B45: 0.64 | D45: =+FORMATO!E41 -> 0 | E45: =+$R$44+D45*$R$45+D45*$R$46+D45*$R$47 -> 1.071397 | F45: =IF(D45="","",E45/$D$9) -> 0.055440849 | G45: =IF(D45="","",F45*14.223343334285) -> 0.78855422 | H45: =+FORMATO!G41 -> 0 | I45: =+$R$44+H45*$R$45+H45*$R$46+H45*$R$47 -> 1.071397 | J45: =IF(H45="","",I45/$D$9) -> 0.055440849 | K45: =IF(H45="","",J45*14.223343334285) -> 0.78855422 | L45: =+FORMATO!I41 -> 0 | M45: =+$R$44+L45*$R$45+L45*$R$46+L45*$R$47 -> 1.071397 | N45: =IF(L45="","",M45/$D$9) -> 0.055440849 | O45: =IF(L45="","",N45*14.223343334285) -> 0.78855422 | Q45: B | R45: 0.9825524
A46: 0.05 | B46: 1.3 | D46: =+FORMATO!E42 -> 0 | E46: =+$R$44+D46*$R$45+D46*$R$46+D46*$R$47 -> 1.071397 | F46: =IF(D46="","",E46/$D$9) -> 0.055440849 | G46: =IF(D46="","",F46*14.223343334285) -> 0.78855422 | H46: =+FORMATO!G42 -> 0 | I46: =+$R$44+H46*$R$45+H46*$R$46+H46*$R$47 -> 1.071397 | J46: =IF(H46="","",I46/$D$9) -> 0.055440849 | K46: =IF(H46="","",J46*14.223343334285) -> 0.78855422 | L46: =+FORMATO!I42 -> 0 | M46: =+$R$44+L46*$R$45+L46*$R$46+L46*$R$47 -> 1.071397 | N46: =IF(L46="","",M46/$D$9) -> 0.055440849 | O46: =IF(L46="","",N46*14.223343334285) -> 0.78855422 | Q46: C | R46: 4.075525e-06
A47: 0.075 | B47: 1.9 | D47: =+FORMATO!E43 -> 0 | E47: =+$R$44+D47*$R$45+D47*$R$46+D47*$R$47 -> 1.071397 | F47: =IF(D47="","",E47/$D$9) -> 0.055440849 | G47: =IF(D47="","",F47*14.223343334285) -> 0.78855422 | H47: =+FORMATO!G43 -> 0 | I47: =+$R$44+H47*$R$45+H47*$R$46+H47*$R$47 -> 1.071397 | J47: =IF(H47="","",I47/$D$9) -> 0.055440849 | K47: =IF(H47="","",J47*14.223343334285) -> 0.78855422 | L47: =+FORMATO!I43 -> 0 | M47: =+$R$44+L47*$R$45+L47*$R$46+L47*$R$47 -> 1.071397 | N47: =IF(L47="","",M47/$D$9) -> 0.055440849 | O47: =IF(L47="","",N47*14.223343334285) -> 0.78855422 | Q47: D | R47: -4.304986e-10
A48: 0.1 | B48: 2.5 | C48: 1000 | D48: =+FORMATO!E44 -> 0 | E48: =+$R$44+D48*$R$45+D48*$R$46+D48*$R$47 -> 1.071397 | F48: =IF(D48="","",E48/$D$9) -> 0.055440849 | G48: =IF(D48="","",F48*14.223343334285) -> 0.78855422 | H48: =+FORMATO!G44 -> 0 | I48: =+$R$44+H48*$R$45+H48*$R$46+H48*$R$47 -> 1.071397 | J48: =IF(H48="","",I48/$D$9) -> 0.055440849 | K48: =IF(H48="","",J48*14.223343334285) -> 0.78855422 | L48: =+FORMATO!I44 -> 0 | M48: =+$R$44+L48*$R$45+L48*$R$46+L48*$R$47 -> 1.071397 | N48: =IF(L48="","",M48/$D$9) -> 0.055440849 | O48: =IF(L48="","",N48*14.223343334285) -> 0.78855422
A49: 0.125 | B49: 3.18 | D49: =+FORMATO!E45 -> 0 | E49: =+$R$44+D49*$R$45+D49*$R$46+D49*$R$47 -> 1.071397 | F49: =IF(D49="","",E49/$D$9) -> 0.055440849 | G49: =IF(D49="","",F49*14.223343334285) -> 0.78855422 | H49: =+FORMATO!G45 -> 0 | I49: =+$R$44+H49*$R$45+H49*$R$46+H49*$R$47 -> 1.071397 | J49: =IF(H49="","",I49/$D$9) -> 0.055440849 | K49: =IF(H49="","",J49*14.223343334285) -> 0.78855422 | L49: =+FORMATO!I45 -> 0 | M49: =+$R$44+L49*$R$45+L49*$R$46+L49*$R$47 -> 1.071397 | N49: =IF(L49="","",M49/$D$9) -> 0.055440849 | O49: =IF(L49="","",N49*14.223343334285) -> 0.78855422
A50: 0.15 | B50: 3.8 | D50: =+FORMATO!E46 -> 0 | E50: =+$R$44+D50*$R$45+D50*$R$46+D50*$R$47 -> 1.071397 | F50: =IF(D50="","",E50/$D$9) -> 0.055440849 | G50: =IF(D50="","",F50*14.223343334285) -> 0.78855422 | H50: =+FORMATO!G46 -> 0 | I50: =+$R$44+H50*$R$45+H50*$R$46+H50*$R$47 -> 1.071397 | J50: =IF(H50="","",I50/$D$9) -> 0.055440849 | K50: =IF(H50="","",J50*14.223343334285) -> 0.78855422 | L50: =+FORMATO!I46 -> 0 | M50: =+$R$44+L50*$R$45+L50*$R$46+L50*$R$47 -> 1.071397 | N50: =IF(L50="","",M50/$D$9) -> 0.055440849 | O50: =IF(L50="","",N50*14.223343334285) -> 0.78855422
A51: 0.175 | B51: 4.45 | D51: =+FORMATO!E47 -> 0 | E51: =+$R$44+D51*$R$45+D51*$R$46+D51*$R$47 -> 1.071397 | F51: =IF(D51="","",E51/$D$9) -> 0.055440849 | G51: =IF(D51="","",F51*14.223343334285) -> 0.78855422 | H51: =+FORMATO!G47 -> 0 | I51: =+$R$44+H51*$R$45+H51*$R$46+H51*$R$47 -> 1.071397 | J51: =IF(H51="","",I51/$D$9) -> 0.055440849 | K51: =IF(H51="","",J51*14.223343334285) -> 0.78855422 | L51: =+FORMATO!I47 -> 0 | M51: =+$R$44+L51*$R$45+L51*$R$46+L51*$R$47 -> 1.071397 | N51: =IF(L51="","",M51/$D$9) -> 0.055440849 | O51: =IF(L51="","",N51*14.223343334285) -> 0.78855422
A52: 0.2 | B52: 5.1 | C52: 1500 | D52: =+FORMATO!E48 -> 0 | E52: =+$R$44+D52*$R$45+D52*$R$46+D52*$R$47 -> 1.071397 | F52: =IF(D52="","",E52/$D$9) -> 0.055440849 | G52: =IF(D52="","",F52*14.223343334285) -> 0.78855422 | H52: =+FORMATO!G48 -> 0 | I52: =+$R$44+H52*$R$45+H52*$R$46+H52*$R$47 -> 1.071397 | J52: =IF(H52="","",I52/$D$9) -> 0.055440849 | K52: =IF(H52="","",J52*14.223343334285) -> 0.78855422 | L52: =+FORMATO!I48 -> 0 | M52: =+$R$44+L52*$R$45+L52*$R$46+L52*$R$47 -> 1.071397 | N52: =IF(L52="","",M52/$D$9) -> 0.055440849 | O52: =IF(L52="","",N52*14.223343334285) -> 0.78855422
A53: 0.3 | B53: 7.6 | D53: =+FORMATO!E49 -> 0 | E53: =+$R$44+D53*$R$45+D53*$R$46+D53*$R$47 -> 1.071397 | F53: =IF(D53="","",E53/$D$9) -> 0.055440849 | G53: =IF(D53="","",F53*14.223343334285) -> 0.78855422 | H53: =+FORMATO!G49 -> 0 | I53: =+$R$44+H53*$R$45+H53*$R$46+H53*$R$47 -> 1.071397 | J53: =IF(H53="","",I53/$D$9) -> 0.055440849 | K53: =IF(H53="","",J53*14.223343334285) -> 0.78855422 | L53: =+FORMATO!I49 -> 0 | M53: =+$R$44+L53*$R$45+L53*$R$46+L53*$R$47 -> 1.071397 | N53: =IF(L53="","",M53/$D$9) -> 0.055440849 | O53: =IF(L53="","",N53*14.223343334285) -> 0.78855422
A54: 0.4 | B54: 10 | D54: =+FORMATO!E50 -> 0 | E54: =+$R$44+D54*$R$45+D54*$R$46+D54*$R$47 -> 1.071397 | F54: =IF(D54="","",E54/$D$9) -> 0.055440849 | G54: =IF(D54="","",F54*14.223343334285) -> 0.78855422 | H54: =+FORMATO!G50 -> 0 | I54: =+$R$44+H54*$R$45+H54*$R$46+H54*$R$47 -> 1.071397 | J54: =IF(H54="","",I54/$D$9) -> 0.055440849 | K54: =IF(H54="","",J54*14.223343334285) -> 0.78855422 | L54: =+FORMATO!I50 -> 0 | M54: =+$R$44+L54*$R$45+L54*$R$46+L54*$R$47 -> 1.071397 | N54: =IF(L54="","",M54/$D$9) -> 0.055440849 | O54: =IF(L54="","",N54*14.223343334285) -> 0.78855422
A55: 0.5 | B55: 13 | D55: =+FORMATO!E51 -> 0 | E55: =+$R$44+D55*$R$45+D55*$R$46+D55*$R$47 -> 1.071397 | F55: =IF(D55="","",E55/$D$9) -> 0.055440849 | G55: =IF(D55="","",F55*14.223343334285) -> 0.78855422 | H55: =+FORMATO!G51 -> 0 | I55: =+$R$44+H55*$R$45+H55*$R$46+H55*$R$47 -> 1.071397 | J55: =IF(H55="","",I55/$D$9) -> 0.055440849 | K55: =IF(H55="","",J55*14.223343334285) -> 0.78855422 | L55: =+FORMATO!I51 -> 0 | M55: =+$R$44+L55*$R$45+L55*$R$46+L55*$R$47 -> 1.071397 | N55: =IF(L55="","",M55/$D$9) -> 0.055440849 | O55: =IF(L55="","",N55*14.223343334285) -> 0.78855422

Sheet INCERT
D1: INFORME DE ESTIMACIÓN DE INCERTIDUMBRE | K1: Código: | L1: F-LEM-P-10.01
K2: Versión: | L2: 3
K3: Fecha: | L3: 46146
K4: Página: | L4: 1 de 1
B6: Método: | C6: Standard Test Method for California Bearing Ratio (CBR) of Laboratory-Compacted Soils
B7: Norma: | C7: ASTM D1883-21
B8: Matriz: | C8: Suelo
B9: Mensurando: | C9: Determinación de la relación de carga de California (CBR) de muestras compactadas de laboratorio
B11: Paso 1. Definición del proceso de medición | L11: Paso 1. Definición del proceso de medición
B13: Variables: | E13: Fórmula: | H13: Paso 2. Definición de las variables aleatorias | L13: Variables: | Q13: Fórmula: | S13: Paso 2. Definición de las variables aleatorias
B14: F = fuerza, kg, | L14: Msac = masa seca de suelo compactado, g,
B15: A = area del pizon, cm2 | L15: Mm + ws = masa húmeda de suelo moldeado más masa del molde, g,
L16: Mm = masa del molde, g,
B17: Equipos a utilizar: | L17: wac = determinación del contenido de agua
L18: Vm = volumen del molde cm3
B19: Equipo cbr, 0,1kgf | L19: ρd = densidad seca de la muestra compactada, g/cm3.
L21: Equipos a utilizar:
L23: Balanza con resolución de lectura de 1g
B25: CALCULO: CBR 100% | K25: CALCULO: CBR 100%
B27: Fuentes | C27: Unidades | D27: Valor | E27: Incertidumbre Original | F27: Distribución | G27: Incertidumbre Estándar u(xi) | H27: Coeficiente de Sensibilidad | I27: Contribución ui(y) | K27: Fuentes | L27: Unidades | M27: Valor | N27: Incertidumbre Original | O27: Distribución | P27: Incertidumbre Estándar u(xi) | Q27: Coeficiente de Sensibilidad | R27: Contribución ui(y)
B28: C.B.R. (0.10 in) 56 Golpes (%) | C28: % | D28: =+D29/D32*14.223343334285*100/1000 -> 0.083166519 | K28: C.B.R. (100% P.U.S.) 0.10 in : | L28: % | M28: =+(M33-M30)*(M31-M29)/(M32-M30)+M29 -> #N/A
B29: Fuerza (lectura) | C29: kgf | D29: =+'INFORME-2'!$V$55*D32*0.393701^2*0.453592 -> 1.1299712 | G29: =SQRT((G30*G30+G31*G31)) -> 4.9418355 | H29: =1/D32*14.223343334285*100/1000 -> 0.073600563 | I29: =+H29*G29 -> 0.36372188 | J29: A | K29: C.B.R. (0.10 in) 56 Golpes (%) | L29: % | M29: =+M50 -> 0.083166519 | P29: =+R55 -> 0.36372188 | Q29: =+(M30-M33)/(M32-M30)+1 -> #N/A | R29: =+P29*Q29 -> #N/A
B30: Certificado de Calibración | C30: kgf | E30: =+$D$58 -> -9.8835024 | F30: Norma, K=2 | G30: =+E30/2 -> -4.9417512 | J30: B | K30: Peso unitario seco 56 Golpes (kN/m3) | L30: kN/m3 | M30: =+M70 -> #N/A | P30: =+R78 -> #DIV/0! | Q30: =(+(M31-M29)*(M33-M32)/(M32-M30)^2)*(-1) -> #N/A | R30: =+P30*Q30 -> #DIV/0!
B31: Resolución | C31: kgf | E31: 0.1 | F31: Rectangular | G31: =+E31/SQRT(3)/2 -> 0.028867513 | J31: C | K31: C.B.R. (0.10 in) 25 Golpes (%): | L31: % | M31: =+W50 -> 0.083166519 | P31: =+AB55 -> 0.0021337174 | Q31: =+(M33-M30)/(M32-M30)*(-1) -> #N/A | R31: =+P31*Q31 -> #N/A
B32: Area piston | C32: cm2 | D32: =+DATOS!$D$9 -> 19.325047 | G32: =I54*0.01 -> 0.0043482789 | H32: =14.223343334285*100/1000*D29/(D32^2) -> 0.004303561 | I32: =+H32*G32 -> 1.8713084e-05 | J32: D | K32: Peso unitario seco 25 Golpes (kN/m3) | L32: kN/m3 | M32: =+W70 -> #N/A | P32: =+AB72 -> #DIV/0! | Q32: =((M31-M29)*(M30-M33)/(M32-M30)^2) -> #N/A | R32: =+P32*Q32 -> #DIV/0!
B33: factor de presición | C33: % | D33: =+PRECISION!$C$6 -> 2.0257509 | F33: Norma, K=1 | G33: =D33/SQRT(1) -> 2.0257509 | H33: 1 | I33: =+G33*H33 -> 2.0257509 | J33: E | K33: Peso unitario seco PROCTOR | L33: kN/m3 | M33: =+DATOS!J2 -> 0 | P33: 0.02 | Q33: =+(M31-M29)/(M32-M30) -> #N/A | R33: =+P33*Q33 -> #N/A
B34: Incertidumbre Estándar Combinada | H34: % | I34: =+SQRT(I29^2+I32^2+I33^2) -> 2.0581449 | K34: factor de presición | L34: % | M34: =+PRECISION!$C$6 -> 2.0257509 | O34: Norma, K=1 | P34: =M34/SQRT(1) -> 2.0257509 | Q34: 1 | R34: =+P34*Q34 -> 2.0257509
B35: Incertidumbre Expandida, K = 2 | H35: % | I35: =I34*2 -> 4.1162897 | K35: Incertidumbre Estándar Combinada | Q35: % | R35: =+SQRT(R29^2+R32^2+R31^2+R30^2+R33^2+R34^2) -> #N/A
K36: Incertidumbre Expandida, K = 2 | Q36: % | R36: =R35*2 -> #N/A
B38: Fuentes | C38: Unidades | D38: Valor | E38: Incertidumbre Original | F38: Distribución | G38: Incertidumbre Estándar u(xi) | H38: Coeficiente de Sensibilidad | I38: Contribución ui(y) | K38: Fuentes | L38: Unidades | M38: Valor | N38: Incertidumbre Original | O38: Distribución | P38: Incertidumbre Estándar u(xi) | Q38: Coeficiente de Sensibilidad | R38: Contribución ui(y)
B39: C.B.R. (0.20 in) 56 Golpes (%) | C39: % | D39: =+D40/D43*14.223343334285*100/1500 -> 0.053890683 | K39: C.B.R. (100% P.U.S.) 0.20 in : | L39: % | M39: =+(M44-M41)*(M42-M40)/(M43-M41)+M40 -> #N/A
B40: Fuerza (lectura) | C40: kgf | D40: =+'INFORME-2'!$V$56*D43*0.393701^2*0.453592 -> 1.0983071 | G40: =SQRT((G41*G41+G42*G42)) -> 0.49754323 | H40: =1/D43*14.223343334285*100/1000 -> 0.073600563 | I40: =+H40*G40 -> 0.036619462 | K40: C.B.R. (0.20 in) 56 Golpes (%): | L40: % | M40: =+M59 -> 0.053890683 | P40: =+R64 -> 0.036619467 | Q40: =+(M41-M44)/(M43-M41)+1 -> #N/A | R40: =+P40*Q40 -> #N/A
B41: Certificado de Calibración | C41: kgf | E41: =+$D$59 -> -0.99341016 | F41: Norma, K=2 | G41: =+E41/2 -> -0.49670508 | K41: Peso unitario seco 56 Golpes (kN/m3) | L41: kN/m3 | M41: =+M70 -> #N/A | P41: =+R72 -> #DIV/0! | Q41: =(+(M42-M40)*(M44-M43)/(M43-M41)^2)*(-1) -> #N/A | R41: =+P41*Q41 -> #DIV/0!
B42: Resolución | C42: kgf | E42: 0.1 | F42: Rectangular | G42: =+E42/SQRT(3)/2 -> 0.028867513 | K42: C.B.R. (0.20 in) 25 Golpes (%): | L42: % | M42: =+W59 -> 0.053890683 | P42: =+AB64 -> #DIV/0! | Q42: =+(M44-M41)/(M43-M41)*(-1) -> #N/A | R42: =+P42*Q42 -> #DIV/0!
B43: Area piston | C43: cm2 | D43: =+DATOS!$D$9 -> 19.325047 | G43: =I54*0.01 -> 0.0043482789 | H43: =14.223343334285*100/1000*D40/(D43^2) -> 0.0041829665 | I43: =+H43*G43 -> 1.8188705e-05 | K43: Peso unitario seco 25 Golpes (kN/m3) | L43: kN/m3 | M43: =+W70 -> #N/A | P43: =+AB72 -> #DIV/0! | Q43: =((M42-M40)*(M41-M44)/(M43-M41)^2) -> #N/A | R43: =+P43*Q43 -> #DIV/0!
B44: factor de presición | C44: % | D44: =+PRECISION!$C$6 -> 2.0257509 | F44: Norma, K=1 | G44: =D44/SQRT(1) -> 2.0257509 | H44: 1 | I44: =+G44*H44 -> 2.0257509 | K44: Peso unitario seco PROCTOR | L44: kN/m3 | M44: =+DATOS!J2 -> 0 | P44: 0.02 | Q44: =+(M42-M40)/(M43-M41) -> #N/A | R44: =+P44*Q44 -> #N/A
B45: Incertidumbre Estándar Combinada | H45: % | I45: =+SQRT(I40^2+I43^2+I44^2) -> 2.0260818 | K45: factor de presición | L45: % | M45: =+PRECISION!$C$6 -> 2.0257509 | O45: Norma, K=1 | P45: =M45/SQRT(1) -> 2.0257509 | Q45: 1 | R45: =+P45*Q45 -> 2.0257509
B46: Incertidumbre Expandida, K = 2 | H46: % | I46: =I45*2 -> 4.0521637 | K46: Incertidumbre Estándar Combinada | Q46: % | R46: =+SQRT(R40^2+R43^2+R42^2+R41^2+R44^2+R45^2) -> #N/A
K47: Incertidumbre Expandida, K = 2 | Q47: % | R47: =R46*2 -> #N/A
B48: Fuentes | C48: Unidades | D48: Valor | E48: Incertidumbre Original | F48: Distribución | G48: Incertidumbre Estándar u(xi) | H48: Coeficiente de Sensibilidad | I48: Contribución ui(y)
B49: Area del piston | C49: mm2 | D49: =3.14159*D50*D50/4 -> 1932.5031 | K49: Fuentes | L49: Unidades | M49: Valor | N49: Incertidumbre Original | O49: Distribución | P49: Incertidumbre Estándar u(xi) | Q49: Coeficiente de Sensibilidad | R49: Contribución ui(y) | U49: Fuentes | V49: Unidades | W49: Valor | X49: Incertidumbre Original | Y49: Distribución | Z49: Incertidumbre Estándar u(xi) | AA49: Coeficiente de Sensibilidad | AB49: Contribución ui(y)
B50: Diametro | C50: mm | D50: =+DATOS!$D$8 -> 49.603845 | G50: =SQRT((G51*G51)+(G52*G52)+(G53*G53)) -> 0.0055806212 | H50: =3.14159*D50/2 -> 77.917471 | I50: =+G50*H50 -> 0.43482789 | K50: C.B.R. (0.10 in) 56 Golpes (%) | L50: % | M50: =+M51/M54*14.223343334285*100/1000 -> 0.083166519 | U50: C.B.R. (0.10 in) 25 Golpes (%): | V50: % | W50: =+W51/W54*14.223343334285*100/1000 -> 0.083166519
B51: Repetibilidad | C51: mm | E51: =+C77 -> 0.0024494897 | F51: Normal, K=1 | G51: =+E51 -> 0.0024494897 | K51: Fuerza (lectura) | L51: kgf | M51: =+'INFORME-2'!$V$55*M54*0.393701^2*0.453592 -> 1.1299712 | P51: =SQRT((P52*P52+P53*P53)) -> 4.9418355 | Q51: =1/M54*14.223343334285*100/1000 -> 0.073600563 | R51: =+Q51*P51 -> 0.36372188 | U51: Fuerza (lectura) | V51: kgf | W51: =+'INFORME-2'!Y55*W54*0.393701^2*0.453592 -> 1.1299712 | Z51: =SQRT((Z52*Z52+Z53*Z53)) -> 0.028989389 | AA51: =1/W54*14.223343334285*100/1000 -> 0.073600563 | AB51: =+AA51*Z51 -> 0.0021336353
B52: Certificado de Calibración | C52: mm | E52: 0.0082 | F52: Normal, K=2 | G52: =+E52/2 -> 0.0041 | K52: Certificado de Calibración | L52: kgf | N52: =+$D$58 -> -9.8835024 | O52: Norma, K=2 | P52: =+N52/2 -> -4.9417512 | U52: Certificado de Calibración | V52: kgf | X52: =+E58 -> 0.0053108648 | Y52: Norma, K=2 | Z52: =+X52/2 -> 0.0026554324
B53: Resolución | C53: mm | E53: 0.01 | F53: Rectangular | G53: =+E53/SQRT(3)/2 -> 0.0028867513 | K53: Resolución | L53: kgf | N53: 0.1 | O53: Rectangular | P53: =+N53/SQRT(3)/2 -> 0.028867513 | U53: Resolución | V53: kgf | X53: 0.1 | Y53: Rectangular | Z53: =+X53/SQRT(3)/2 -> 0.028867513
B54: Incertidumbre Estándar Combinada | H54: mm2 | I54: =+SQRT(I50^2) -> 0.43482789 | K54: Area piston | L54: cm2 | M54: =+DATOS!$D$9 -> 19.325047 | P54: =$R$117*0.01 -> 0.0043482789 | Q54: =14.223343334285*100/1000*M51/(M54^2) -> 0.004303561 | R54: =+Q54*P54 -> 1.8713084e-05 | U54: Area piston | V54: cm2 | W54: =+DATOS!$D$9 -> 19.325047 | Z54: =+R117*0.01 -> 0.0043482789 | AA54: =14.223343334285*100/1000*W51/(W54^2) -> 0.004303561 | AB54: =+AA54*Z54 -> 1.8713084e-05
B55: Incertidumbre Expandida, K = 2 | H55: mm2 | I55: =I54*2 -> 0.86965579 | K55: Incertidumbre Estándar Combinada | Q55: % | R55: =+SQRT(R51^2+R54^2) -> 0.36372188 | U55: Incertidumbre Estándar Combinada | AA55: % | AB55: =+SQRT(AB51^2+AB54^2) -> 0.0021337174
K56: Incertidumbre Expandida, K = 2 | Q56: % | R56: =R55*2 -> 0.72744375 | U56: Incertidumbre Expandida, K = 2 | AA56: % | AB56: =AB55*2 -> 0.0042674348
Q57: ,
B58: Carga kgf | C58: U | D58: =+FORECAST(M51,C60:C61,B60:B61) -> -9.8835024 | E58: =+FORECAST(W51,C59:C60,B59:B60) -> 0.0053108648 | F58: 0.1 | K58: Fuentes | L58: Unidades | M58: Valor | N58: Incertidumbre Original | O58: Distribución | P58: Incertidumbre Estándar u(xi) | Q58: Coeficiente de Sensibilidad | R58: Contribución ui(y) | U58: Fuentes | V58: Unidades | W58: Valor | X58: Incertidumbre Original | Y58: Distribución | Z58: Incertidumbre Estándar u(xi) | AA58: Coeficiente de Sensibilidad | AB58: Contribución ui(y)
B59: 0 | C59: 0 | D59: =+FORECAST(M60,C62:C63,B62:B63) -> -0.99341016 | E59: =+FORECAST(W60,C61:C62,B61:B62) -> 14.997803 | F59: 0.2 | K59: C.B.R. (0.20 in) 56 Golpes (%) | L59: % | M59: =+M60/M63*14.223343334285*100/1500 -> 0.053890683 | U59: C.B.R. (0.20 in) 25 Golpes (%): | V59: % | W59: =+W60/W63*14.223343334285*100/1500 -> 0.053890683
B60: 1000 | C60: 4.7 | K60: Fuerza (lectura) | L60: kgf | M60: =+'INFORME-2'!$V$56*M63*0.393701^2*0.453592 -> 1.0983071 | P60: =SQRT((P61*P61+P62*P62)) -> 0.49754323 | Q60: =1/M63*14.223343334285*100/1000 -> 0.073600563 | R60: =+Q60*P60 -> 0.036619462 | U60: Fuerza (lectura) | V60: kgf | W60: =+'INFORME-2'!Y56*W63*0.393701^2*0.453592 -> 1.0983071 | Z60: =SQRT((Z61*Z61+Z62*Z62)) -> 7.4989573 | AA60: =1/W63*14.223343334285*100/1000 -> 0.073600563 | AB60: =+AA60*Z60 -> 0.55192748
B61: 1500 | C61: 12 | K61: Certificado de Calibración | L61: kgf | N61: =+$D$59 -> -0.99341016 | O61: Norma, K=2 | P61: =+N61/2 -> -0.49670508 | U61: Certificado de Calibración | V61: kgf | X61: =+E59 -> 14.997803 | Y61: Norma, K=2 | Z61: =+X61/2 -> 7.4989017
B62: 2000 | C62: 11 | K62: Resolución | L62: kgf | N62: 0.1 | O62: Rectangular | P62: =+N62/SQRT(3)/2 -> 0.028867513 | U62: Resolución | V62: kgf | X62: 0.1 | Y62: Rectangular | Z62: =+X62/SQRT(3)/2 -> 0.028867513
B63: 2500 | C63: 14 | K63: Area piston | L63: cm2 | M63: =+DATOS!$D$9 -> 19.325047 | P63: =$R$117*0.01 -> 0.0043482789 | Q63: =14.223343334285*100/1000*M60/(M63^2) -> 0.0041829665 | R63: =+Q63*P63 -> 1.8188705e-05 | U63: Area piston | V63: cm2 | W63: =+DATOS!$D$9 -> 19.325047 | Z63: =+Q82*0.01 -> #DIV/0! | AA63: =14.223343334285*100/1000*W60/(W63^2) -> 0.0041829665 | AB63: =+AA63*Z63 -> #DIV/0!
B64: 3000 | C64: 16 | K64: Incertidumbre Estándar Combinada | Q64: % | R64: =+SQRT(R60^2+R63^2) -> 0.036619467 | U64: Incertidumbre Estándar Combinada | AA64: % | AB64: =+SQRT(AB60^2+AB63^2) -> #DIV/0!
B65: 3500 | C65: 15 | K65: Incertidumbre Expandida, K = 2 | Q65: % | R65: =R64*2 -> 0.073238933 | U65: Incertidumbre Expandida, K = 2 | AA65: % | AB65: =AB64*2 -> #DIV/0!
B66: 4000 | C66: 17
B67: 4500 | C67: 21 | K67: 56 GOLPES | U67: 25 GOLPES
B68: 4995 | C68: 21
K69: Fuentes | L69: Unidades | M69: Valor | N69: Incertidumbre Original | O69: Distribución | P69: Incertidumbre Estándar u(xi) | Q69: Coeficiente de Sensibilidad | R69: Contribución ui(y) | U69: Fuentes | V69: Unidades | W69: Valor | X69: Incertidumbre Original | Y69: Distribución | Z69: Incertidumbre Estándar u(xi) | AA69: Coeficiente de Sensibilidad | AB69: Contribución ui(y)
B70: PISTON mm | K70: Peso unitario seco | L70: kN/m3 | M70: =+M71*9.806 -> #N/A | U70: Peso unitario seco | V70: kN/m3 | W70: =+W71*9.806 -> #N/A
B71: CANT. | C71: DIAMETRO | K71: Densidad seca | L71: g/cm3 | M71: =+M75 -> #N/A | P71: =+R78 -> #DIV/0! | Q71: 1 | R71: =+P71*Q71 -> #DIV/0! | U71: Densidad seca | V71: g/cm3 | W71: =+W75 -> #N/A | Z71: =+AB78 -> #DIV/0! | AA71: 1 | AB71: =+Z71*AA71 -> #DIV/0!
B72: 1 | C72: =+DATOS!AB4 -> 49.6 | K72: Incertidumbre Estándar Combinada | Q72: kN/m3 | R72: =+SQRT(R71*R71) -> #DIV/0! | U72: Incertidumbre Estándar Combinada | AA72: lbf/ft3 | AB72: =+SQRT(AB71*AB71) -> #DIV/0!
B73: 2 | C73: =+DATOS!AB5 -> 49.61
B74: 3 | C74: =+DATOS!AB6 -> 49.6 | K74: Fuentes | L74: Unidades | M74: Valor | N74: Incertidumbre Original | O74: Distribución | P74: Incertidumbre Estándar u(xi) | Q74: Coeficiente de Sensibilidad | R74: Contribución ui(y) | U74: Fuentes | V74: Unidades | W74: Valor | X74: Incertidumbre Original | Y74: Distribución | Z74: Incertidumbre Estándar u(xi) | AA74: Coeficiente de Sensibilidad | AB74: Contribución ui(y)
B75: 4 | C75: =+DATOS!AB7 -> 49.6 | K75: Densidad seca | L75: g/cm3 | M75: =+M76/M77 -> #N/A | U75: Densidad seca | V75: g/cm3 | W75: =+W76/W77 -> #N/A
B76: 5 | C76: =+DATOS!AB8 -> 49.61 | K76: Masa seca del suelo compactado | L76: g | M76: =+M81 -> #N/A | P76: =+R91 -> #DIV/0! | Q76: =1/M77 -> #N/A | R76: =+P76*Q76 -> #DIV/0! | U76: Masa seca del suelo compactado | V76: g | W76: =+W81 -> #N/A | Z76: =+AB91 -> #DIV/0! | AA76: =1/W77 -> #N/A | AB76: =+Z76*AA76 -> #DIV/0!
B77: =+COUNT(B72:B76) -> 5 | C77: =+STDEV(C72:C76)/SQRT(B77) -> 0.0024494897 | K77: Volumen de molde | L77: cm3 | M77: =+M122/1000 -> #N/A | P77: =+R131/1000 -> #N/A | Q77: =+M76/M77/M77 -> #N/A | R77: =+P77*Q77 -> #N/A | U77: Volumen de molde | V77: cm3 | W77: =+W122/1000 -> #N/A | Z77: =+AB131/1000 -> #N/A | AA77: =+W76/W77/W77 -> #N/A | AB77: =+Z77*AA77 -> #N/A
B78: PROMEDIO | C78: =+AVERAGE(C72:C76) -> 49.604 | K78: Incertidumbre Estándar Combinada | Q78: g/cm3 | R78: =+SQRT(+R76*R76+R77*R77) -> #DIV/0! | U78: Incertidumbre Estándar Combinada | AA78: g/cm3 | AB78: =+SQRT(+AB76*AB76+AB77*AB77) -> #DIV/0!
B80: DIAMETRO mm | C80: correccion | D80: =+FORECAST(C78,C81:C82,B81:B82) -> -0.00015544 | K80: Fuentes | L80: Unidades | M80: Valor | N80: Incertidumbre Original | O80: Distribución | P80: Incertidumbre Estándar u(xi) | Q80: Coeficiente de Sensibilidad | R80: Contribución ui(y) | U80: Fuentes | V80: Unidades | W80: Valor | X80: Incertidumbre Original | Y80: Distribución | Z80: Incertidumbre Estándar u(xi) | AA80: Coeficiente de Sensibilidad | AB80: Contribución ui(y)
B81: 15 | C81: -0.005 | K81: Masa seca del suelo compactado | L81: g | M81: =+(M82-M86)/(1+(M90/100)) -> #N/A | U81: Masa seca del suelo compactado | V81: g | W81: =+(W82-W86)/(1+(W90/100)) -> #N/A
A82: A | B82: 50 | C82: -0.0001 | K82: Masa de molde+suelo moldeado | L82: g | M82: =+DATOS!E18 -> 0 | N82: --- | O82: --- | P82: =SQRT((P83*P83)+(P84*P84)+(P85*P85)) -> 1.0832051 | Q82: =1/(1+(M90/100)) -> #DIV/0! | R82: =+Q82*P82 -> #DIV/0! | U82: Masa de molde+suelo moldeado | V82: g | W82: =+DATOS!I18 -> 0 | X82: --- | Y82: --- | Z82: =SQRT((Z83*Z83)+(Z84*Z84)+(Z85*Z85)) -> 1.0832051 | AA82: =1/(1+(W90/100)) -> #DIV/0! | AB82: =+AA82*Z82 -> #DIV/0!
K83: Repetibilidad de la pesada | L83: g | N83: =+Balanza!E24 -> 0 | O83: Normal, K=1 | P83: =+N83 -> 0 | Q83: --- | R83: --- | U83: Repetibilidad de la pesada | V83: g | X83: =+Balanza!E27 -> 0 | Y83: Normal, K=1 | Z83: =+X83 -> 0 | AA83: --- | AB83: ---
K84: Certificado de Calibración | L84: g | N84: =2*(SQRT(Balanza!$C$8+Balanza!$D$8*(POWER(M82,2)))) -> 2.0880613 | O84: Normal, K=2 (/2) | P84: =+N84/2 -> 1.0440307 | Q84: --- | R84: --- | U84: Certificado de Calibración | V84: g | X84: =2*(SQRT(Balanza!$C$8+Balanza!$D$8*(POWER(W82,2)))) -> 2.0880613 | Y84: Normal, K=2 (/2) | Z84: =+X84/2 -> 1.0440307 | AA84: --- | AB84: ---
K85: Resolución | L85: g | N85: =+Balanza!$C$10 -> 1 | O85: Rectangular | P85: =N85/SQRT(3)/2 -> 0.28867513 | Q85: --- | R85: --- | U85: Resolución | V85: g | X85: =+Balanza!$C$10 -> 1 | Y85: Rectangular | Z85: =X85/SQRT(3)/2 -> 0.28867513 | AA85: --- | AB85: ---
A86: B | K86: Masa de molde | L86: g | M86: =+DATOS!E19 -> #N/A | N86: --- | O86: --- | P86: =SQRT((P87*P87)+(P88*P88)+(P89*P89)) -> #N/A | Q86: =1/(1+(M90/100)) -> #DIV/0! | R86: =+Q86*P86 -> #DIV/0! | U86: Masa de molde | V86: g | W86: =+DATOS!I19 -> #N/A | X86: --- | Y86: --- | Z86: =SQRT((Z87*Z87)+(Z88*Z88)+(Z89*Z89)) -> #N/A | AA86: =1/(1+(W90/100)) -> #DIV/0! | AB86: =+AA86*Z86 -> #DIV/0!
K87: Repetibilidad de la pesada | L87: g | N87: =+Balanza!E25 -> #N/A | O87: Normal, K=1 | P87: =+N87 -> #N/A | Q87: --- | R87: --- | U87: Repetibilidad de la pesada | V87: g | X87: =+Balanza!E28 -> #N/A | Y87: Normal, K=1 | Z87: =+X87 -> #N/A | AA87: --- | AB87: ---
K88: Certificado de Calibración | L88: g | N88: =2*(SQRT(Balanza!$C$8+Balanza!$D$8*(POWER(M86,2)))) -> #N/A | O88: Normal, K=2 (/2) | P88: =+N88/2 -> #N/A | Q88: --- | R88: --- | U88: Certificado de Calibración | V88: g | X88: =2*(SQRT(Balanza!$C$8+Balanza!$D$8*(POWER(W86,2)))) -> #N/A | Y88: Normal, K=2 (/2) | Z88: =+X88/2 -> #N/A | AA88: --- | AB88: ---
K89: Resolución | L89: g | N89: =+Balanza!$C$10 -> 1 | O89: Rectangular | P89: =N89/SQRT(3)/2 -> 0.28867513 | Q89: --- | R89: --- | U89: Resolución | V89: g | X89: =+Balanza!$C$10 -> 1 | Y89: Rectangular | Z89: =X89/SQRT(3)/2 -> 0.28867513 | AA89: --- | AB89: ---
A90: C | K90: Contenido humedad | L90: % | M90: =+M95 -> #DIV/0! | P90: =+R109 -> #DIV/0! | Q90: =((M82-M86)/100)/((1+(M90/100))^2) -> #N/A | R90: =+Q90*P90 -> #N/A | U90: Contenido humedad | V90: % | W90: =+W95 -> #DIV/0! | Z90: =+AB109 -> #DIV/0! | AA90: =((W82-W86)/100)/((1+(W90/100))^2) -> #N/A | AB90: =+AA90*Z90 -> #N/A
K91: Incertidumbre Estándar Combinada | L91: g | R91: =SQRT((R82*R82)+(R86*R86)+(R90*R90)) -> #DIV/0! | U91: Incertidumbre Estándar Combinada | V91: g | AB91: =SQRT((AB82*AB82)+(AB86*AB86)+(AB90*AB90)) -> #DIV/0!
K93: CONTENIDO HUMEDAD | U93: CONTENIDO HUMEDAD
K94: Fuentes | L94: Unidades | M94: Valor | N94: Incertidumbre Original | O94: Distribución | P94: Incertidumbre Estándar u(xi) | Q94: Coeficiente de Sensibilidad | R94: Contribución ui(y) | U94: Fuentes | V94: Unidades | W94: Valor | X94: Incertidumbre Original | Y94: Distribución | Z94: Incertidumbre Estándar u(xi) | AA94: Coeficiente de Sensibilidad | AB94: Contribución ui(y)
K95: Humedad (%) | L95: --- | M95: =+((M96-M100)/(M100-M104)*100) -> #DIV/0! | N95: --- | O95: --- | P95: --- | Q95: --- | R95: --- | U95: Humedad (%) | V95: --- | W95: =+((W96-W100)/(W100-W104)*100) -> #DIV/0! | X95: --- | Y95: --- | Z95: --- | AA95: --- | AB95: ---
K96: Masa Humeda y tara | L96: g | M96: =+DATOS!E28 -> 0 | N96: --- | O96: --- | P96: =SQRT((P97*P97)+(P98*P98)+(P99*P99)) -> 0.070663522 | Q96: =100/(M100-M104) -> #DIV/0! | R96: =+Q96*P96 -> #DIV/0! | U96: Masa Humeda y tara | V96: g | W96: =+DATOS!I28 -> 0 | X96: --- | Y96: --- | Z96: =SQRT((Z97*Z97)+(Z98*Z98)+(Z99*Z99)) -> 0.070663522 | AA96: =100/(W100-W104) -> #DIV/0! | AB96: =+AA96*Z96 -> #DIV/0!
K97: Repetibilidad de la pesada | L97: g | N97: =+Balanza!P24 -> 0 | O97: Normal, K=1 | P97: =+N97 -> 0 | Q97: --- | R97: --- | U97: Repetibilidad de la pesada | V97: g | X97: =+Balanza!P28 -> 0 | Y97: Normal, K=1 | Z97: =+X97 -> 0 | AA97: --- | AB97: ---
K98: Certificado de Calibración | L98: g | N98: =2*(SQRT(Balanza!$M$8+Balanza!$N$8*(POWER(M96,2)))) -> 0.12899612 | O98: Normal, K=2 (/2) | P98: =+N98/2 -> 0.064498062 | Q98: --- | R98: --- | U98: Certificado de Calibración | V98: g | X98: =2*(SQRT(Balanza!$M$8+Balanza!$N$8*(POWER(W96,2)))) -> 0.12899612 | Y98: Normal, K=2 (/2) | Z98: =+X98/2 -> 0.064498062 | AA98: --- | AB98: ---
K99: Resolución | L99: g | N99: =+Balanza!$M$10 -> 0.1 | O99: Rectangular | P99: =N99/SQRT(3)/2 -> 0.028867513 | Q99: --- | R99: --- | U99: Resolución | V99: g | X99: =+Balanza!$M$10 -> 0.1 | Y99: Rectangular | Z99: =X99/SQRT(3)/2 -> 0.028867513 | AA99: --- | AB99: ---
K100: Masa Seca y tara | L100: g | M100: =+DATOS!E29 -> 0 | O100: --- | P100: =SQRT((P101*P101)+(P102*P102)+(P103*P103)) -> 0.070663522 | Q100: =((M96-M104)*100)/(POWER((M100-M104),2)) -> #DIV/0! | R100: =+Q100*P100 -> #DIV/0! | U100: Masa Seca y tara | V100: g | W100: =+DATOS!I30 -> 0 | Y100: --- | Z100: =SQRT((Z101*Z101)+(Z102*Z102)+(Z103*Z103)) -> 0.070663522 | AA100: =((W96-W104)*100)/(POWER((W100-W104),2)) -> #DIV/0! | AB100: =+AA100*Z100 -> #DIV/0!
K101: Repetibilidad de la pesada | L101: g | N101: =+Balanza!P25 -> 0 | O101: Normal, K=1 | P101: =+N101 -> 0 | Q101: --- | R101: --- | U101: Repetibilidad de la pesada | V101: g | X101: =+Balanza!P29 -> 0 | Y101: Normal, K=1 | Z101: =+X101 -> 0 | AA101: --- | AB101: ---
K102: Certificado de Calibración | L102: g | N102: =2*(SQRT(Balanza!$M$8+Balanza!$N$8*(POWER(M100,2)))) -> 0.12899612 | O102: Normal, K=2 (/2) | P102: =+N102/2 -> 0.064498062 | Q102: --- | R102: --- | U102: Certificado de Calibración | V102: g | X102: =2*(SQRT(Balanza!$M$8+Balanza!$N$8*(POWER(W100,2)))) -> 0.12899612 | Y102: Normal, K=2 (/2) | Z102: =+X102/2 -> 0.064498062 | AA102: --- | AB102: ---
K103: Resolución | L103: g | N103: =+Balanza!$M$10 -> 0.1 | O103: Rectangular | P103: =N103/SQRT(3)/2 -> 0.028867513 | Q103: --- | R103: --- | U103: Resolución | V103: g | X103: =+Balanza!$M$10 -> 0.1 | Y103: Rectangular | Z103: =X103/SQRT(3)/2 -> 0.028867513 | AA103: --- | AB103: ---
K104: Masa Tara | L104: g | M104: =+DATOS!E27 -> 0 | O104: --- | P104: =SQRT((P105*P105)+(P106*P106)+(P107*P107)) -> 0.070663522 | Q104: =((M96-M100)*100)/(POWER((M100-M104),2)) -> #DIV/0! | R104: =+Q104*P104 -> #DIV/0! | U104: Masa Tara | V104: g | W104: =+DATOS!I27 -> 0 | Y104: --- | Z104: =SQRT((Z105*Z105)+(Z106*Z106)+(Z107*Z107)) -> 0.070663522 | AA104: =((W96-W100)*100)/(POWER((W100-W104),2)) -> #DIV/0! | AB104: =+AA104*Z104 -> #DIV/0!
K105: Repetibilidad de la pesada | L105: g | N105: =+Balanza!P26 -> 0 | O105: Normal, K=1 | P105: =+N105 -> 0 | Q105: --- | R105: --- | U105: Repetibilidad de la pesada | V105: g | X105: =+Balanza!P30 -> 0 | Y105: Normal, K=1 | Z105: =+X105 -> 0 | AA105: --- | AB105: ---
K106: Certificado de Calibración | L106: g | N106: =2*(SQRT(Balanza!$M$8+Balanza!$N$8*(POWER(M104,2)))) -> 0.12899612 | O106: Normal, K=2 (/2) | P106: =+N106/2 -> 0.064498062 | Q106: --- | R106: --- | U106: Certificado de Calibración | V106: g | X106: =2*(SQRT(Balanza!$M$8+Balanza!$N$8*(POWER(W104,2)))) -> 0.12899612 | Y106: Normal, K=2 (/2) | Z106: =+X106/2 -> 0.064498062 | AA106: --- | AB106: ---
K107: Resolución | L107: g | N107: =+Balanza!$M$10 -> 0.1 | O107: Rectangular | P107: =N107/SQRT(3)/2 -> 0.028867513 | Q107: --- | R107: --- | U107: Resolución | V107: g | X107: =+Balanza!$M$10 -> 0.1 | Y107: Rectangular | Z107: =X107/SQRT(3)/2 -> 0.028867513 | AA107: --- | AB107: ---
K108: factor de presición | L108: % | M108: =+PRECISION!$J$6 -> 0.11030261 | O108: Norma, K=1 | P108: =M108/SQRT(1) -> 0.11030261 | Q108: 1 | R108: =+P108*Q108 -> 0.11030261 | U108: factor de presición | V108: % | W108: =+PRECISION!$J$6 -> 0.11030261 | Y108: Norma, K=1 | Z108: =W108/SQRT(1) -> 0.11030261 | AA108: 1 | AB108: =+Z108*AA108 -> 0.11030261
K109: Incertidumbre Estándar Combinada | L109: % | R109: =SQRT((R96*R96)+(R100*R100)+(R104*R104)+(R108*R108)) -> #DIV/0! | U109: Incertidumbre Estándar Combinada | V109: % | AB109: =SQRT((AB96*AB96)+(AB100*AB100)+(AB104*AB104)+(AB108*AB108)) -> #DIV/0!
K111: Fuentes | L111: Unidades | M111: Valor | N111: Incertidumbre Original | O111: Distribución | P111: Incertidumbre Estándar u(xi) | Q111: Coeficiente de Sensibilidad | R111: Contribución ui(y)
...

Sheet Balanza
B2: CALIBRACION DE LA BALANZA | N2: CALIBRACION DE LA BALANZA
B7: Correccion | C7: -2.03e-05 | L7: Corrección | M7: -3.29e-06
B8: Variables | C8: 1.09 | D8: 3.1e-10 | L8: Variables | M8: 0.00416 | N8: 2.43e-10
B9: Ecuacion | C9: 2*RAIZ(1.09+0.00000000031*R2) | F9: g | L9: Ecuación | M9: 2*RAIZ(0.00416+0.000000000243*R2)
B10: Resolucion | C10: 1 | D10: g | L10: Resolución | M10: 0.1 | N10: g
B11: Codigo | C11: EQP-0054 | L11: Código | M11: EQP-0046
B12: Fecha de calibración | D12: 45799 | L12: Fecha última calibración | O12: 46132
B13: ITEM | C13: MES | D13: 500 | E13: 1000 | F13: 5000 | G13: 10000 | H13: 15000 | I13: 20000 | L13: ITEM | M13: MES | N13: 200 | O13: 500 | P13: 1000 | Q13: 5000 | R13: 10000
C17: DESV STD | D17: 0 | E17: 0 | F17: 0 | G17: 0 | H17: 0 | I17: 0 | M17: DESV STD | N17: 0 | O17: 0 | P17: 0 | Q17: 0 | R17: 0
B19: Busqueda de Repetibilidad de la masa | L19: Busqueda de Repetibilidad de la masa
D20: =+D13 -> 500 | E20: =+E13 -> 1000 | F20: =+F13 -> 5000 | G20: =+G13 -> 10000 | H20: =+H13 -> 15000 | I20: 20000
D21: =D17 -> 0 | E21: =E17 -> 0 | F21: =F17 -> 0 | G21: =G17 -> 0 | H21: =H17 -> 0 | I21: =I17 -> 0 | N21: =+N13 -> 200 | O21: =+O13 -> 500 | P21: =+P13 -> 1000 | Q21: =+Q13 -> 5000 | R21: =+R13 -> 10000
N22: =N17 -> 0 | O22: =O17 -> 0 | P22: =P17 -> 0 | Q22: =Q17 -> 0 | R22: =R17 -> 0
B23: ENSAYO DE LA MUESTRA | L23: ENSAYO DE LA MUESTRA
B24: Masa de molde+suelo moldeado | D24: =+DATOS!$E$18 -> 0 | E24: =IF(D24<=$D$20,$D$21,IF(AND(D24>$D$20,D24<=$E$20),$E$21,IF(AND(D24>$E$20,D24<=$F$20),$F$21,IF(AND(D24>$F$20,D24<=$G$20),$G$21,IF(AND(D24>$G$20,D24<=$H$20),$H$21,$H$21))))) -> 0 | M24: Tara + suelo húmedo | O24: =+INCERT!M96 -> 0 | P24: =IF(AND(O24<=$R$21,O24>$Q$21),$R$22,IF(AND(O24<=$Q$21,O24>$P$21),$Q$22,IF(AND(O24<=$P$21,O24>$O$21),$P$22,IF(AND(O24<=$O$21,O24>$N$21),$O$22,IF(O24<=$N$21,$N$22))))) -> 0
B25: Masa de molde | D25: =+DATOS!$E$19 -> #N/A | E25: =IF(D25<=$D$20,$D$21,IF(AND(D25>$D$20,D25<=$E$20),$E$21,IF(AND(D25>$E$20,D25<=$F$20),$F$21,IF(AND(D25>$F$20,D25<=$G$20),$G$21,IF(AND(D25>$G$20,D25<=$H$20),$H$21,$H$21))))) -> #N/A | M25: Tara + suelo seco 2 | O25: =+INCERT!M100 -> 0 | P25: =IF(AND(O25<=$R$21,O25>$Q$21),$R$22,IF(AND(O25<=$Q$21,O25>$P$21),$Q$22,IF(AND(O25<=$P$21,O25>$O$21),$P$22,IF(AND(O25<=$O$21,O25>$N$21),$O$22,IF(O25<=$N$21,$N$22))))) -> 0
M26: Peso de tara | O26: =+INCERT!M104 -> 0 | P26: =IF(AND(O26<=$R$21,O26>$Q$21),$R$22,IF(AND(O26<=$Q$21,O26>$P$21),$Q$22,IF(AND(O26<=$P$21,O26>$O$21),$P$22,IF(AND(O26<=$O$21,O26>$N$21),$O$22,IF(O26<=$N$21,$N$22))))) -> 0
B27: Masa de molde+suelo moldeado | D27: =+DATOS!$I$18 -> 0 | E27: =IF(D27<=$D$20,$D$21,IF(AND(D27>$D$20,D27<=$E$20),$E$21,IF(AND(D27>$E$20,D27<=$F$20),$F$21,IF(AND(D27>$F$20,D27<=$G$20),$G$21,IF(AND(D27>$G$20,D27<=$H$20),$H$21,$H$21))))) -> 0
B28: Masa de molde | D28: =+DATOS!$I$19 -> #N/A | E28: =IF(D28<=$D$20,$D$21,IF(AND(D28>$D$20,D28<=$E$20),$E$21,IF(AND(D28>$E$20,D28<=$F$20),$F$21,IF(AND(D28>$F$20,D28<=$G$20),$G$21,IF(AND(D28>$G$20,D28<=$H$20),$H$21,$H$21))))) -> #N/A | M28: Tara + suelo húmedo | O28: =+INCERT!W96 -> 0 | P28: =IF(AND(O28<=$R$21,O28>$Q$21),$R$22,IF(AND(O28<=$Q$21,O28>$P$21),$Q$22,IF(AND(O28<=$P$21,O28>$O$21),$P$22,IF(AND(O28<=$O$21,O28>$N$21),$O$22,IF(O28<=$N$21,$N$22))))) -> 0
M29: Tara + suelo seco 2 | O29: =+INCERT!W100 -> 0 | P29: =IF(AND(O29<=$R$21,O29>$Q$21),$R$22,IF(AND(O29<=$Q$21,O29>$P$21),$Q$22,IF(AND(O29<=$P$21,O29>$O$21),$P$22,IF(AND(O29<=$O$21,O29>$N$21),$O$22,IF(O29<=$N$21,$N$22))))) -> 0
M30: Peso de tara | O30: =+INCERT!W104 -> 0 | P30: =IF(AND(O30<=$R$21,O30>$Q$21),$R$22,IF(AND(O30<=$Q$21,O30>$P$21),$Q$22,IF(AND(O30<=$P$21,O30>$O$21),$P$22,IF(AND(O30<=$O$21,O30>$N$21),$O$22,IF(O30<=$N$21,$N$22))))) -> 0

Sheet PRECISION
B3: Factor de precision CBR | I3: Factor de precision CONTENIDO HUMEDAD
B4: Fecha de evaluacion: | C4: 45789 | I4: Fecha de evaluacion: | J4: 46064
B6: Desviacion Estándar Repetibilidad (Sr) | C6: 2.0257509 | I6: Desviacion Estándar Repetibilidad (Sr) | J6: 0.11030261
B7: Desviacion Estándar Reproducibilidad (SR) | C7: 2.1777537 | I7: Desviacion Estándar Reproducibilidad (SR) | J7: 0.11377365

Sheet PRECISION (2)
B2: INCERTIDUMBRE ESTANDAR -TIPO A | I2: INCERTIDUMBRE ESTANDAR -TIPO A
B3: TALLER DE INCERTIDUMBRE ESTANDAR -TIPO A | I3: TALLER DE INCERTIDUMBRE ESTANDAR -TIPO A
B4: Fecha de evaluacion: | C4: 45625 | I4: Fecha de evaluacion: | J4: 45625
B6: 1-Calcular la Incertidumbre estandar CONTENIDO HUMEDAD | I6: 1-Calcular la Incertidumbre estandar CONTENIDO HUMEDAD
B7: analista(p=2) | C7: DEY-G | E7: DEY-F | I7: analista(p=2) | J7: DEY-CH | L7: DEY-SC
B8: Réplicas de medición (n=9) | C8: 40.95 | E8: 12.92 | I8: Réplicas de medición (n=9) | J8: 22.3 | L8: 7.6
C9: 41.17 | E9: 13.74 | J9: 22.3 | L9: 7.8
C10: 39.67 | E10: 13.68 | J10: 22.9 | L10: 7.7
C11: 38.6 | E11: 12.95 | J11: 22.2 | L11: 7.6
C12: 38.9 | E12: 12.73 | J12: 22.6 | L12: 7.5
C13: 38.91 | E13: 13.52 | J13: 22.4 | L13: 7.8
B20: n | C20: =COUNT(C8:C19) -> 6 | I20: n | J20: =COUNT(J8:J19) -> 6
B21: p | C21: =COUNTA(C7:F7) -> 2 | I21: p | J21: =COUNTA(J7:M7) -> 2
B23: No Datos | C23: =COUNT(C8:C19) -> 6 | D23: =COUNT(D8:D19) -> 0 | E23: =COUNT(E8:E19) -> 6 | F23: =COUNT(F8:F19) -> 0 | I23: No Datos | J23: =COUNT(J8:J19) -> 6 | K23: =COUNT(K8:K19) -> 0 | L23: =COUNT(L8:L19) -> 6 | M23: =COUNT(M8:M19) -> 0
B24: Promedio (xi) | C24: =AVERAGE(C8:C19) -> 39.7 | E24: =AVERAGE(E8:E19) -> 13.256667 | I24: Promedio (xi) | J24: =AVERAGE(J8:J19) -> 22.45 | L24: =AVERAGE(L8:L19) -> 7.6666667
B25: Desviación Estándar (si) | C25: =STDEV(C8:C19) -> 1.1134092 | E25: =STDEV(E8:E19) -> 0.43975751 | I25: Desviación Estándar (si) | J25: =STDEV(J8:J19) -> 0.25884358 | L25: =STDEV(L8:L19) -> 0.12110601
B26: Varianza (s2i) | C26: =VAR(C8:C19) -> 1.23968 | E26: =VAR(E8:E19) -> 0.19338667 | I26: Varianza (s2i) | J26: =VAR(J8:J19) -> 0.067 | L26: =VAR(L8:L19) -> 0.014666667
B28: T1 | C28: =+C23*C24+D23*D24+E23*E24+F23*F24 -> 317.74 | I28: T1 | J28: =+J23*J24+K23*K24+L23*L24+M23*M24 -> 180.7
B29: T2 | C29: =+C23*POWER(C24,2)+D23*POWER(D24,2)+E23*POWER(E24,2)+F23*POWER(F24,2) -> 10510.975 | I29: T2 | J29: =+J23*POWER(J24,2)+K23*POWER(K24,2)+L23*POWER(L24,2)+M23*POWER(M24,2) -> 3376.6817
B30: T3 | C30: =+SUM(C23:F23) -> 12 | I30: T3 | J30: =+SUM(J23:M23) -> 12
B31: T4 | C31: =+POWER(C23,2)+POWER(D23,2)+POWER(E23,2)+POWER(F23,2) -> 72 | I31: T4 | J31: =+POWER(J23,2)+POWER(K23,2)+POWER(L23,2)+POWER(M23,2) -> 72
B32: T5 | C32: =(C20-1)*SUM(C26:F26) -> 7.1653333 | I32: T5 | J32: =(J20-1)*SUM(J26:M26) -> 0.40833333
B33: Varianza Repetibilidad (Sr2 ) | C33: =ABS((C32/(C30-C21))) -> 0.71653333 | I33: Varianza Repetibilidad (Sr2 ) | J33: =ABS((J32/(J30-J21))) -> 0.040833333
B34: Varianza entre Laboratorios (SL2) | C34: =ABS((((C29*C30-(C28^2))/(C30*(C21-1)))-(C33))*((C30*(C21-1))/((C30^2)-C31))) -> 349.50552 | I34: Varianza entre Laboratorios (SL2) | J34: =ABS((((J29*J30-(J28^2))/(J30*(J21-1)))-(J33))*((J30*(J21-1))/((J30^2)-J31))) -> 109.26667
B35: Varianza Reproducibilidad (SR2) | C35: =(C33+C34)/1000000 -> 0.00035022205 | I35: Varianza Reproducibilidad (SR2) | J35: =(J33+J34)/1000000 -> 0.0001093075
B36: Desviacion Estándar Repetibilidad (Sr) | C36: =SQRT(C33) -> 0.84648292 | I36: Desviacion Estándar Repetibilidad (Sr) | J36: =SQRT(J33) -> 0.20207259
B37: Desviacion Estándar Reproducibilidad (SR) | C37: =+SQRT(C33+C34) -> 18.714221 | I37: Desviacion Estándar Reproducibilidad (SR) | J37: =+SQRT(J33+J34) -> 10.455023
