Workbook

Sheet FORMATO
K2: CLIENTE
K3: DIRECCIÓN **
K4: PROYECTO **
K5: UBICACIÓN **
A7: LABORATORIO DE ENSAYO DE MATERIALES | K7: RECEPCIÓN N°
A8: FORMATO N° F-LEM-P-SU-03.01 | K8: F. EMISIÓN
K9: OT N°
B10: MUESTRA | D10: N° OT | E10: FECHA DE ENSAYO | G10: REALIZADO
K11: CÓDIGO DE LA MUESTRA
K12: FECHA DE RECEPCIÓN
A13: MÉTODO DE ENSAYO NORMALIZADO PARA LA DETERMINACIÓN DEL VALOR PH EN SUELOS Y AGUA SUBTERRÁNEA | K13: FECHA DE EJECUCIÓN
A14: NORMA NTP 339.176
K15: CANTERA/SONDAJE **
K16: N° MUESTRA **
K17: TIPO DE MUESTRA**
C23: RESULTADOS DE ENSAYO
C24: Temperatura de Ensayo | E24: (°C)
C25: PH
A31: Observaciones:
A32: …............................................................................................................................................................................
C35: Equipo utilizado | E35: Código
C36: Horno
C37: Balanza 0.01
C38: PH-Metro
A49: Página 1 de 1
A50: Versión : 03 (30-03-2023) | D50: Prohibido reproducir sin autorización
A52: WEB: www.geofal.com.pe E-MAIL: laboratorio@geofal.com.pe / geofal.sac@gmail.com Av. Marañon 763, Los Olivos-Lima / Teléfono 01 522-1851

Sheet SUELO
A8: LABORATORIO DE ENSAYO DE MATERIALES
A9: 1
A11: CLIENTE | B11: : | C11: =+FORMATO!L2 -> 0 | J11: CÓDIGO | K11: : | L11: F-LEM-P-SU.03.02
A12: DIRECCIÓN ** | B12: : | C12: =+FORMATO!L3 -> 0 | J12: RECEPCIÓN N° | K12: : | L12: =+FORMATO!L7 -> 0
A13: PROYECTO ** | B13: : | C13: =+FORMATO!L4 -> 0 | J13: FECHA EMISIÓN | K13: : | L13: =+FORMATO!L8 -> 0
A14: UBICACIÓN ** | B14: : | C14: =+FORMATO!L5 -> 0
A15: **Datos proporcionados por el cliente
A16: MÉTODO DE ENSAYO NORMALIZADO PARA LA DETERMINACIÓN DEL VALOR PH EN SUELOS Y AGUA SUBTERRÁNEA
A17: NORMA NTP 339.176
A19: DATOS DE LA MUESTRA
A20: CANTERA/SONDAJE ** | D20: : | E20: =+FORMATO!L15 -> 0 | J20: CÓDIGO DE LA MUESTRA | K20: : | L20: =+FORMATO!L11 -> 0
A21: N° MUESTRA ** | D21: : | E21: =+FORMATO!L16 -> 0 | J21: FECHA DE RECEPCIÓN | K21: : | L21: =+FORMATO!L12 -> 0
A22: TIPO DE MUESTRA ** | D22: : | E22: =+FORMATO!L17 -> 0 | J22: FECHA DE EJECUCIÓN | K22: : | L22: =+FORMATO!L13 -> 0
A23: LUGAR DE ENSAYO | D23: : | E23: Laboratorio de ensayo de materiales
D25: ANALISIS DE SUELO | P25: Contenido de: | Q25: p.p.m. | R25: Grado de Ataque | S25: Consecuencia
D26: Temperatura de Ensayo | G26: (°C) | H26: {=+'DATOS SUELO'!H6:H6} -> 0 | P26: *Sulfatos | Q26: 0 – 1 000 | R26: Leve | S26: Ataque químico al concreto de la cimentación
D27: Peso del Suelo | G27: (g) | H27: =+'DATOS SUELO'!H7 -> 30 | Q27: 1 000 – 2 000 | R27: Moderado
D28: Volumen de Agua Destilada | G28: (ml) | H28: =+'DATOS SUELO'!H8 -> 75 | Q28: 2 000 - 20 000 | R28: Severo
D29: PH | H29: =+'DATOS SUELO'!H9 -> 0 | Q29: > 20 000 | R29: Muy Severo
P30: **Cloruros | Q30: > 2 000 | R30: Perjudicial | S30: Corrosión de armaduras o elementos metálicos.
P31: **Sales Soluble Totales | Q31: > 10 000 | R31: Perjudicial | S31: Pérdida de resistencia mecánica por problema de lixiviación
P32: =IF(J32>10000, "Perjudicial", "No Perjudicial") -> No Perjudicial
A33: Nota:
A34: - Los datos de identificación de la muestra son proporcionados por el cliente.
A35: - Los resultados corresponden sólo a los ensayos realizados sobre la muestra proporcionada por el cliente.
A36: - Los resultados de los ensayos no deben ser utilizados como una certificación de conformidad con normas de productos o como certificado del sistema de calidad de Geofal SAC.
A37: - Prohibida la reproducción total o parcial del presente informe de ensayo sin la autorización escrita de Geofal S.A.C.
A39: Observaciones:
A50: Página 1 de 1
A51: Versión : 02 (02-01-2021) | L51: Fin del Informe

Sheet DATOS SUELO
A2: MÉTODO DE ENSAYO NORMALIZADO PARA LA DETERMINACIÓN DEL VALOR PH EN SUELOS Y AGUA SUBTERRÁNEA
A3: NORMA NTP 339.176
D5: ANALISIS DE SUELO
D6: Temperatura de Ensayo | G6: (°C) | H6: =+FORMATO!F24 -> 0
D7: Peso del Suelo | G7: (g) | H7: 30
D8: Volumen de Agua Destilada | G8: (ml) | H8: 75
D9: PH | H9: =+FORMATO!F25 -> 0

Sheet AGUA
A8: LABORATORIO DE ENSAYO DE MATERIALES
A9: =J13 -> 0
A11: CLIENTE | B11: : | H11: CÓDIGO | I11: : | J11: F-LEM-P-SU.03.02
A12: DIRECCIÓN ** | B12: : | H12: N° OT | I12: : | J12: 1
A13: PROYECTO ** | B13: : | H13: FECHA DE EMISIÓN | I13: : | J13: 0
A14: UBICACIÓN ** | B14: :
A15: **Datos proporcionados por el cliente
A16: MÉTODO DE ENSAYO NORMALIZADO PARA LA DETERMINACIÓN DEL VALOR PH EN SUELOS Y AGUA SUBTERRÁNEA
A17: NORMA NTP 339.176
A19: DATOS DE LA MUESTRA
A20: CANTERA/SONDAJE ** | B20: : | H20: COD. MUESTRA | I20: : | J20: 1
A21: N° MUESTRA ** | B21: : | H21: FECHA RECEP. | I21: : | J21: 0
A22: TIPO DE MUESTRA ** | B22: : | H22: FECHA ENSAYO | I22: : | J22: 0
A23: LUGAR DE ENSAYO | B23: : | C23: Laboratorio de ensayo de materiales
N25: Contenido de: | O25: p.p.m. | P25: Grado de Ataque | Q25: Consecuencia
B26: ANALISIS DE AGUA | N26: *Sulfatos | O26: 0 – 1 000 | P26: Leve | Q26: Ataque químico al concreto de la cimentación
B27: Temperatura de Ensayo | E27: (°C) | F27: {=+'DATOS AGUA'!F7:F7} -> 18 | O27: 1 000 – 2 000 | P27: Moderado
B28: PH | F28: {=+'DATOS AGUA'!F8:F8} -> 7.5 | O28: 2 000 - 20 000 | P28: Severo
O29: > 20 000 | P29: Muy Severo
N30: **Cloruros | O30: > 2 000 | P30: Perjudicial | Q30: Corrosión de armaduras o elementos metálicos.
N31: **Sales Soluble Totales | O31: > 10 000 | P31: Perjudicial | Q31: Pérdida de resistencia mecánica por problema de lixiviación
N33: =IF(H33>10000, "Perjudicial", "No Perjudicial") -> No Perjudicial
A34: Nota :
A54: Página 1 de 1
A55: Versión : 02 (02-01-2021) | J55: Fin del Informe

Sheet DATOS AGUA
A2: MÉTODO DE ENSAYO NORMALIZADO PARA LA DETERMINACIÓN DEL VALOR PH EN SUELOS Y AGUA SUBTERRÁNEA
A3: NORMA NTP 339.176
B6: ANALISIS DE AGUA
B7: Temperatura de Ensayo | E7: (°C) | F7: 18
B8: PH | F8: 7.5

Sheet Hoja1
A2: CODIGO | C2: CONCATENADOS | D2: DESCRIPCION | E2: FC | F2: F. MOLDEO | G2: DIA | H2: DIAMETRO | I2: CARGA | J2: AREA | K2: RESIS. CONCRETO | L2: % RESIS | M2: TIPO DE FALLA
A3: 4400 | B3: =+A3+1 -> 4401 | C3: =A3&"-"&B3 -> 4400-4401 | D3: Columnas C-9;5-3/G.H | E3: 350 | F3: 42347 | G3: 7 | H3: 15.05 | I3: 49900 | J3: =H3*H3*PI()/4 -> 177.89465 | K3: =I3/J3 -> 280.5031 | L3: =+K3/E3 -> 0.80143743 | M3: E
C4: =A4&"-"&B4 -> - | E4: 350 | G4: 7 | H4: 15.06 | I4: 50310 | J4: =H4*H4*PI()/4 -> 178.13113 | K4: =I4/J4 -> 282.43238 | L4: =+K4/E4 -> 0.80694967 | M4: F
A5: =+B3+1 -> 4402 | B5: =+A5+1 -> 4403 | C5: =A5&"-"&B5 -> 4402-4403 | E5: 350 | G5: 14 | H5: 15.04 | I5: 56450 | J5: =H5*H5*PI()/4 -> 177.65832 | K5: =I5/J5 -> 317.74476 | L5: =+K5/E5 -> 0.90784216 | M5: F
C6: =A6&"-"&B6 -> - | E6: 350 | G6: 14 | H6: 15 | I6: 59630 | J6: =H6*H6*PI()/4 -> 176.71459 | K6: =I6/J6 -> 337.43677 | L6: =+K6/E6 -> 0.96410507 | M6: F
A7: =+B5+1 -> 4404 | B7: =+A7+1 -> 4405 | C7: =A7&"-"&B7 -> 4404-4405 | E7: 350 | G7: 28 | H7: 15.11 | I7: 65310 | J7: =H7*H7*PI()/4 -> 179.3159 | K7: =I7/J7 -> 364.21755 | L7: =+K7/E7 -> 1.0406216 | M7: F
C8: =A8&"-"&B8 -> - | E8: 350 | G8: 28 | H8: 15.05 | I8: 64730 | J8: =H8*H8*PI()/4 -> 177.89465 | K8: =I8/J8 -> 363.86705 | L8: =+K8/E8 -> 1.0396201 | M8: E
