Workbook

Sheet FORMATO
L2: CLIENTE
L3: DIRECCIÓN **
L4: PROYECTO **
L5: UBICACIÓN **
A7: LABORATORIO DE ENSAYO DE MATERIALES | L7: RECEPCIÓN N°
L8: F. EMISIÓN
B9: MUESTRA | D9: N° OT | E9: FECHA DE ENSAYO | G9: REALIZADO | L9: OT N°
L11: CÓDIGO DE LA MUESTRA
L12: FECHA DE RECEPCIÓN
A13: METODO DE ENSAYONORMALIZADO PARA LA DETERMINACION CUANTITATIVA DE CLORUROS SOLUBLES EN SUELOS Y AGUA SUBTERRANEA | L13: FECHA DE EJECUCIÓN
A14: NORMA NTP 339.177
L15: CANTERA/SONDAJE **
L16: N° MUESTRA **
L17: TIPO DE MUESTRA**
B22: a | C22: Volumen de agua destilada | F22: (ml) | G22: 300
B23: b | C23: Peso de suelo seco | F23: (g) | G23: 100
B24: c | C24: Alicuota Tomada | F24: (ml) | G24: 30
B25: d | C25: Titulacion del suelo (b/(a/c)) | G25: 10
B26: e | C26: Titulacion de la solucion Nitrato de Plata
B27: f | C27: PH de ensayo
B28: g | C28: Factor de Dilucion | F28: (ml)
B29: h | C29: Mililitros de solucion usada | F29: (ml)
B30: i | C30: Contenido de Cloruros (((h-0.2)*e*1000)/d*g) | F30: (ppm)
A34: Observaciones:
A35: …............................................................................................................................................................................
C39: Equipo utilizado | E39: Código
C40: Horno
C41: Balanza 0.01
A49: Página 1 de 1
A50: Versión : 04 (30-03-2023) | D50: Prohibido reproducir sin autorización
A52: WEB: www.geofal.com.pe E-MAIL: laboratorio@geofal.com.pe / geofal.sac@gmail.com Av. Marañon 763, Los Olivos-Lima / Teléfono 01 522-1851

Sheet SUELO
A8: LABORATORIO DE ENSAYO DE MATERIALES
A9: 1
A11: CLIENTE | B11: : | C11: =+FORMATO!M2 -> 0 | J11: CÓDIGO | K11: : | L11: F-LEM-P-SU.14.02
A12: DIRECCIÓN ** | B12: : | C12: =+FORMATO!M3 -> 0 | J12: RECEPCIÓN N° | K12: : | L12: =+FORMATO!M7 -> 0
A13: PROYECTO ** | B13: : | C13: =+FORMATO!M4 -> 0 | J13: F. EMISIÓN | K13: : | L13: =+FORMATO!M8 -> 0
A14: UBICACIÓN ** | B14: : | C14: =+FORMATO!M5 -> 0
A15: ** Datos proporcionados por el cliente
A16: MÉTODO DE ENSAYO NORMALIZADO PARA LA DETERMINACIÓN CUANTITATIVA DE CLORUROS SOLUBLES EN SUELOS Y AGUA SUBTERRANEA
A17: NORMA NTP 339.177
A19: DATOS DE LA MUESTRA
A20: CANTERA/SONDAJE ** | D20: : | E20: =+FORMATO!M15 -> 0 | J20: CÓDIGO DE LA MUESTRA | K20: : | L20: =+FORMATO!M11 -> 0
A21: N° MUESTRA ** | D21: : | E21: =+FORMATO!M16 -> 0 | J21: FECHA DE RECEPCIÓN | K21: : | L21: =+FORMATO!M12 -> 0
A22: TIPO DE MUESTRA** | D22: : | E22: =+FORMATO!M17 -> 0 | J22: FECHA DE EJECUCIÓN | K22: : | L22: =+FORMATO!M13 -> 0 | M22: =+FORMATO!E10 -> 0
A23: LUGAR DE ENSAYO | D23: : | E23: Laboratorio de ensayo de materiales
P24: Contenido de: | Q24: p.p.m. | R24: Grado de Ataque | S24: Consecuencia
B25: ANÁLISIS DE SUELO | P25: *Sulfatos | Q25: 0 – 1 000 | R25: Leve | S25: Ataque químico al concreto de la cimentación
B26: Volumen de agua destilada | G26: (ml) | H26: =+'DATOS SUELO'!H6 -> 300 | Q26: 1 000 – 2 000 | R26: Moderado
B27: Peso de suelo seco | G27: (g) | H27: =+'DATOS SUELO'!H7 -> 100 | Q27: 2 000 - 20 000 | R27: Severo
B28: Alicuota Tomada | G28: (ml) | H28: =+'DATOS SUELO'!H8 -> 30 | Q28: > 20 000 | R28: Muy Severo
B29: Titulación del suelo | H29: =+'DATOS SUELO'!H9 -> 10 | P29: **Cloruros | Q29: > 2 000 | R29: Perjudicial | S29: Corrosión de armaduras o elementos metálicos.
B30: Solución estandar de Nitrato de Plata (AgNO₃ ) | H30: =+'DATOS SUELO'!H10 -> 0 | P30: **Sales Soluble Totales | Q30: > 10 000 | R30: Perjudicial | S30: Pérdida de resistencia mecánica por problema de lixiviación
B31: Titulación de la solución Nitrato de Plata | H31: =+'DATOS SUELO'!H11 -> 0
B32: PH de ensayo | H32: =+'DATOS SUELO'!H12 -> 0 | P32: =IF(J36>2000, "Perjudicial", "No Perjudicial") -> No Perjudicial
B33: Factor de Dilución | G33: (ml) | H33: =+'DATOS SUELO'!H13 -> 1
B34: Mililitros de solución usada | G34: (ml) | H34: =+'DATOS SUELO'!H14 -> 0 | I34: =+'DATOS SUELO'!I14 -> 0 | J34: Promedio
B35: Contenido de Cloruros | G35: (%) | H35: =H36/10000 -> 0 | I35: =I36/10000 -> 0 | J35: =AVERAGE(H35:I35) -> 0
B36: Contenido de Cloruros | G36: (ppm) | H36: =((H34-0.2)*H31*1000)/H29*H33 -> 0 | I36: =((I34-0.2)*H31*1000)/H29*H33 -> 0 | J36: =AVERAGE(H36:I36) -> 0
A39: Nota:
A40: - Los datos de identificación de la muestra son proporcionados por el cliente.
A41: - Los resultados corresponden sólo a los ensayos realizados sobre la muestra proporcionada por el cliente.
A42: - Los resultados de los ensayos no deben ser utilizados como una certificación de conformidad con normas de productos o como certificado del sistema de calidad de Geofal SAC.
A43: - Prohibida la reproducción total o parcial del presente informe de ensayo sin la autorización escrita de Geofal S.A.C.
A45: Observaciones:
A51: Página 1 de 1
A52: Versión : 03 (17-05-2021) | L52: Fin del Informe

Sheet DATOS SUELO
A2: MÉTODO DE ENSAYO NORMALIZADO PARA LA DETERMINACIÓN CUANTITATIVA DE CLORUROS SOLUBLES EN SUELOS Y AGUA SUBTERRANEA
A3: NORMA NTP 339.177
B5: ANÁLISIS DE SUELO
B6: Volumen de agua destilada | G6: (ml) | H6: 300
B7: Peso de suelo seco | G7: (g) | H7: 100
B8: Alicuota Tomada | G8: (ml) | H8: 30
B9: Titulación del suelo | H9: =H7/(H6/H8) -> 10
B10: Solución estandar de Nitrato de Plata (AgNO₃ ) | H10: =ROUND(H11,0) -> 0
B11: Titulación de la solución Nitrato de Plata | H11: =+FORMATO!G26 -> 0
B12: PH de ensayo | H12: =+FORMATO!G27 -> 0
B13: Factor de Dilución | G13: (ml) | H13: 1
B14: Mililitros de solución usada | G14: (ml) | H14: =+FORMATO!G29 -> 0 | I14: =+FORMATO!H29 -> 0 | J14: Promedio
B15: Contenido de Cloruros | G15: (%) | H15: =H16/10000 -> 0 | I15: =I16/10000 -> 0 | J15: =AVERAGE(H15:I15) -> 0
B16: Contenido de Cloruros | G16: (ppm) | H16: =((H14-0.2)*H11*1000)/H9*H13 -> 0 | I16: =((I14-0.2)*H11*1000)/H9*H13 -> 0 | J16: =AVERAGE(H16:I16) -> 0

Sheet AGUA
A8: LABORATORIO DE ENSAYO DE MATERIALES
A9: 1
A11: CLIENTE | B11: : | C11: =+FORMATO!M2 -> 0 | H11: CÓDIGO | I11: : | J11: F-LEM-P-SU.14.03
A12: DIRECCION ** | B12: : | C12: =+FORMATO!M3 -> 0 | H12: N° OT | I12: : | J12: 215
A13: PROYECTO ** | B13: : | C13: =+FORMATO!M4 -> 0 | H13: F. EMISIÓN | I13: : | J13: 0
A14: UBICACIÓN ** | B14: : | C14: =+FORMATO!M5 -> 0
A15: ** Datos proporcionados por el cliente
A16: METODO DE ENSAYONORMALIZADO PARA LA DETERMINACION CUANTITATIVA DE CLORUROS SOLUBLES EN SUELOS Y AGUA SUBTERRANEA
A17: NORMA NTP 339.177
A19: DATOS DE LA MUESTRA
A20: CANTERA/SONDAJE ** | B20: : | C20: =+FORMATO!M15 -> 0 | H20: CODIGO DE LA MUESTRA | I20: : | J20: 1
A21: N° MUESTRA ** | B21: : | C21: =+FORMATO!M16 -> 0 | H21: FECHA DE RECEPCIÓN | I21: : | J21: 0
A22: TIPO DE MUESTRA** | B22: : | C22: =+FORMATO!M17 -> 0 | H22: FECHA DE EJECUCIÓN | I22: : | J22: 0
A23: LUGAR DE ENSAYO | B23: : | C23: LABORATORIO DE ENSAYO DE MATERIALES
B26: ANALISIS DE AGUA SUBTERRANEA
B27: Alicuota Tomada | F27: (ml) | G27: =+'DATOS AGUA'!G6 -> 30
B28: Solucion estandar de Nitrato de Plata | F28: (AgNO₃ ) | G28: =+'DATOS AGUA'!G7 -> 2
B29: Titulacion de la solucion Nitrato de Plata | G29: =+'DATOS AGUA'!G8 -> 2.06
B30: PH de ensayo | G30: =+'DATOS AGUA'!G9 -> 7.86
B31: Factor de Dilucion | F31: (ml) | G31: =+'DATOS AGUA'!G10 -> 1
B32: Mililitros de solucion usada | F32: (ml) | G32: =+'DATOS AGUA'!G11 -> 0.8 | H32: =+'DATOS AGUA'!H11 -> 0.8 | I32: Promedio
B33: Contenido de Cloruros | F33: (mg/L) | G33: =((G32-0.2)*G29*1000)/G27*G31 -> 41.2 | H33: =((H32-0.2)*G29*1000)/G27*G31 -> 41.2 | I33: =AVERAGE(G33:H33) -> 41.2
A37: Nota :
A50: Página 1 de 1
A51: Versión : 03 (17-05-2021) | J51: Fin del Documento

Sheet DATOS AGUA
A2: METODO DE ENSAYONORMALIZADO PARA LA DETERMINACION CUANTITATIVA DE CLORUROS SOLUBLES EN SUELOS Y AGUA SUBTERRANEA
A3: NORMA NTP 339.177
B5: ANALISIS DE AGUA SUBTERRANEA
B6: Alicuota Tomada | F6: (ml) | G6: 30
B7: Solucion estandar de Nitrato de Plata | F7: (AgNO₃ ) | G7: =ROUND(G8,0) -> 2
B8: Titulacion de la solucion Nitrato de Plata | G8: 2.06
B9: PH de ensayo | G9: 7.86
B10: Factor de Dilucion | F10: (ml) | G10: 1
B11: Mililitros de solucion usada | F11: (ml) | G11: 0.8 | H11: 0.8 | I11: Promedio
B12: Contenido de Cloruros | F12: (mg/L) | G12: =((G11-0.2)*G8*1000)/G6*G10 -> 41.2 | H12: =((H11-0.2)*G8*1000)/G6*G10 -> 41.2 | I12: =AVERAGE(G12:H12) -> 41.2

Sheet Hoja1
A2: CODIGO | C2: CONCATENADOS | D2: DESCRIPCION | E2: FC | F2: F. MOLDEO | G2: DIA | H2: DIAMETRO | I2: CARGA | J2: AREA | K2: RESIS. CONCRETO | L2: % RESIS | M2: TIPO DE FALLA
A3: 4400 | B3: =+A3+1 -> 4401 | C3: =A3&"-"&B3 -> 4400-4401 | D3: Columnas C-9;5-3/G.H | E3: 350 | F3: 42347 | G3: 7 | H3: 15.05 | I3: 49900 | J3: =H3*H3*PI()/4 -> 177.89465 | K3: =I3/J3 -> 280.5031 | L3: =+K3/E3 -> 0.80143743 | M3: E
C4: =A4&"-"&B4 -> - | E4: 350 | G4: 7 | H4: 15.06 | I4: 50310 | J4: =H4*H4*PI()/4 -> 178.13113 | K4: =I4/J4 -> 282.43238 | L4: =+K4/E4 -> 0.80694967 | M4: F
A5: =+B3+1 -> 4402 | B5: =+A5+1 -> 4403 | C5: =A5&"-"&B5 -> 4402-4403 | E5: 350 | G5: 14 | H5: 15.04 | I5: 56450 | J5: =H5*H5*PI()/4 -> 177.65832 | K5: =I5/J5 -> 317.74476 | L5: =+K5/E5 -> 0.90784216 | M5: F
C6: =A6&"-"&B6 -> - | E6: 350 | G6: 14 | H6: 15 | I6: 59630 | J6: =H6*H6*PI()/4 -> 176.71459 | K6: =I6/J6 -> 337.43677 | L6: =+K6/E6 -> 0.96410507 | M6: F
A7: =+B5+1 -> 4404 | B7: =+A7+1 -> 4405 | C7: =A7&"-"&B7 -> 4404-4405 | E7: 350 | G7: 28 | H7: 15.11 | I7: 65310 | J7: =H7*H7*PI()/4 -> 179.3159 | K7: =I7/J7 -> 364.21755 | L7: =+K7/E7 -> 1.0406216 | M7: F
C8: =A8&"-"&B8 -> - | E8: 350 | G8: 28 | H8: 15.05 | I8: 64730 | J8: =H8*H8*PI()/4 -> 177.89465 | K8: =I8/J8 -> 363.86705 | L8: =+K8/E8 -> 1.0396201 | M8: E
